2018,0,"Departamento de Presidencia, Función Pública, Interior y Justicia"
2018,00,"Departamento de Presidencia, Función Pública, Interior y Justicia"
2018,000,"Departamento de Presidencia, Función Pública, Interior y Justicia"
2018,0000,"Departamento de Presidencia, Función Pública, Interior y Justicia"
2018,00001,"Departamento de Presidencia, Función Pública, Interior y Justicia"
2018,001,Idazkaritza Tekniko Orokorra
2018,0010,Idazkaritza Tekniko Orokorra
2018,00100,Idazkaritza Tekniko Orokorra
2018,00102,Idazkaritza eta Dokumentazio Bulegoa
2018,0011,Araubide Juridikoaren Atala
2018,00110,Araubide Juridikoaren Atala
2018,0012,Barne Araubideko Atala
2018,00120,Barne Araubideko Atala
2018,00121,Langileriaren Kudeaketarako Bulego
2018,0013,Ekonomia Atala
2018,00130,Ekonomia Atala
2018,00131,Ekonomiaren eta Kontabilitatearen Kudeaketa Bulegoa
2018,00132,Barne Zuzendaritza Nagusiko Ekonomiaren eta Kontabilitatearen Kudeaketa Bulegoa
2018,00133,Justizia Zuzendaritza Nagusiko Ekonomiaren eta Kontabilitatearen Kudeaketa Bulegoa
2018,0015,Estatistiken eta Informazio Kudeaketaren Atala
2018,00150,Estatistiken eta Informazio Kudeaketaren Atala
2018,01,Dirección General de Presidencia y Gobierno Abierto
2018,010,Dirección General de Presidencia y Gobierno Abierto
2018,0100,Dirección General de Presidencia y Gobierno Abierto
2018,01000,Dirección General de Presidencia y Gobierno Abierto
2018,0101,Sección de Boletín Oficial de Navarra
2018,01010,Sección de Boletín Oficial de Navarra
2018,011,Aholkularitza Juridikoaren Zerbitzua
2018,0110,Aholkularitza Juridikoaren Zerbitzua
2018,01100,Aholkularitza Juridikoaren Zerbitzua
2018,0111,Kudeaketa Administratiboaren Atala
2018,01110,Kudeaketa Administratiboaren Atala
2018,0112,Gai Zibilen Atala
2018,01120,Gai Zibilen Atala
2018,0113,Administrazioarekiko Auzien Atala
2018,01130,Sección de lo Contencioso Administrativo
2018,0116,Afera Penalen Atala
2018,01160,Afera Penalen Atala
2018,0117,Zerga Aferen Atala
2018,01170,Zerga Aferen Atala
2018,013,Gobernuaren Idazkaritzako eta Araugintzako Zerbitzua
2018,0130,Gobernuaren Idazkaritzako eta Araugintzako Zerbitzua
2018,01300,Gobernuaren Idazkaritzako eta Araugintzako Zerbitzua
2018,01301,Negociado de Gestión Administrativa del Secretariado del Gobierno
2018,01302,Negociado de Información al Público y Registro
2018,01303,Negociado de Cartería
2018,0132,Gobernuaren Idazkaritza Atala
2018,01320,Gobernuaren Idazkaritza Atala
2018,0133,Legeen Garapenerako eta Koordinaziorako Atala
2018,01330,Legeen Garapenerako eta Koordinaziorako Atala
2018,01331,"Negociado de Asociaciones, Fundaciones y Colegios Profesionales"
2018,016,Nafarroako Administrazio Auzitegia
2018,0160,Nafarroako Administrazio Auzitegia
2018,01600,Nafarroako Administrazio Auzitegia
2018,0161,1. atala
2018,01610,1. atala
2018,0162,2. atala
2018,01620,2. atala
2018,0163,3. atala
2018,01630,3. atala
2018,0164,Nafarroako Administrazio Auzitegiko Idazkaritza
2018,01640,Nafarroako Administrazio Auzitegiko Idazkaritza
2018,01641,Negociado de Registro y Tramitación
2018,01642,Negociado de Resoluciones y Relación con la Jurisdicción Contencioso-Administrativa
2018,017,Servicio de Gobierno Abierto
2018,0170,Servicio de Gobierno Abierto
2018,01700,Servicio de Gobierno Abierto
2018,02,Barne Zuzendaritza Nagusia
2018,020,Barne Zuzendaritza Nagusia
2018,0200,Barne Zuzendaritza Nagusia
2018,02000,Barne Zuzendaritza Nagusia
2018,0201,Sección de Gestión Administrativa y de Personal
2018,02010,Sección de Gestión Administrativa y de Personal
2018,021,Foruzaingoa
2018,0210,Foruzaingoa
2018,02100,Foruzaingoa
2018,0212,Ikuskapen Orokorraren Arloa
2018,02120,Ikuskapen Orokorraren Arloa
2018,02121,División General Técnica
2018,02122,División de Régimen Interno
2018,02123,Comisaría de Tudela
2018,02124,Comisaría de Sangüesa
2018,02125,Comisaría de Pamplona
2018,02126,Comisaría de Tafalla
2018,02127,Comisaría de Elizondo
2018,02128,Comisaría de Estella
2018,02129,Comisaría de Altsasu/Alsasua
2018,0212A,Komunikazioaren eta Bitartekaritza Operatiboaren Saila
2018,0213,Zirkulazioaren eta Bide Segurtasunaren Arloa
2018,02130,Zirkulazioaren eta Bide Segurtasunaren Arloa
2018,02131,División de Seguridad Vial
2018,02132,División de Atestados e Investigación
2018,0217,Barne Segurtasunaren eta Administrazio Poliziaren Arloa
2018,02170,Barne Segurtasunaren eta Administrazio Poliziaren Arloa
2018,02174,División de Seguridad Interior
2018,02175,División de Policía Administrativa
2018,0218,Herri Segurtasunaren Arloa
2018,02180,Herri Segurtasunaren Arloa
2018,02181,División de Prevención y Atención Ciudadana
2018,02182,División de Protección de Autoridades
2018,02183,División de Intervención
2018,0219,Krimen Ikerketen Arloa
2018,02190,Krimen Ikerketen Arloa
2018,02191,División de Policía Judicial
2018,02192,División de Policía Científica
2018,02193,División de Información
2018,024,Araubide Juridikoaren eta Langileriaren Zerbitzua
2018,0240,Araubide Juridikoaren eta Langileriaren Zerbitzua
2018,02400,Araubide Juridikoaren eta Langileriaren Zerbitzua
2018,0244,Zehapen Prozeduraren Atala
2018,02440,Zehapen Prozeduraren Atala
2018,0245,Giza baliabideen Atala
2018,02450,Giza baliabideen Atala
2018,025,Servicio de Protección Civil
2018,0250,Servicio de Protección Civil
2018,02500,Servicio de Protección Civil
2018,0251,Sección de SOS Navarra
2018,02510,Sección de SOS Navarra
2018,0252,Sección de Planificacion y Coordinación de Emergencias y Sistemas de Comunicaciones
2018,02520,Sección de Planificación y Coordinación de Emergencias y Sistemas de Comunicaciones
2018,0253,"Sección de Prevención, Información y Formación de Emergencias"
2018,02530,"Sección de Prevención, Información y Formación de Emergencias"
2018,026,Nafarroako Segurtasun eta Larrialdi Eskola
2018,0260,Nafarroako Segurtasun eta Larrialdi Eskola
2018,02600,Nafarroako Segurtasun eta Larrialdi Eskola
2018,0261,"Plangintzaren, Garapenaren eta Koordinazioaren Atala"
2018,02610,"Plangintzaren, Garapenaren eta Koordinazioaren Atala"
2018,0262,Laguntza Juridikoaren eta Administrazio Kudeaketaren Atala
2018,02620,Laguntza Juridikoaren eta Administrazio Kudeaketaren Atala
2018,028,Servicio de Bomberos
2018,0280,Servicio de Bomberos
2018,02800,Servicio de Bomberos
2018,0281,"Sección de Prevención, Inspección y Divulgación"
2018,02810,"Sección de Prevención, Inspección y Divulgación"
2018,0282,"Sección de Intervención Operativa de Parques, Campañas y Grupos"
2018,02820,"Sección de Intervención Operativa de Parques, Campañas y Grupos"
2018,0283,"Sección Técnica, de Logística y Equipos"
2018,02830,"Sección Técnica, de Logística y Equipos"
2018,0284,Sección de Formación
2018,02840,Sección de Formación
2018,029, Segurtasun Politikak Garatzeko Zerbitzua
2018,0290, Segurtasun Politikak Garatzeko Zerbitzua
2018,02900, Segurtasun Politikak Garatzeko Zerbitzua
2018,0291,Jokoaren eta Ikuskizun Publikoen Atala
2018,02910,Jokoaren eta Ikuskizun Publikoen Atala
2018,0293,Zirkulazioaren eta Bide Segurtasunaren Atala
2018,02930,Zirkulazioaren eta Bide Segurtasunaren Atala
2018,0294,Sección de Parque Móvil
2018,02940,Sección de Parque Móvil
2018,0295,Sección de Coordinación de Seguridad
2018,02950,Sección de Coordinación de Seguridad
2018,03,Direccion General de Justicia
2018,030,Direccion General de Justicia
2018,0300,Direccion General de Justicia
2018,03000,Direccion General de Justicia
2018,0301,Unidad de apoyo a la nueva oficina judicial
2018,03010,Unidad de apoyo a la nueva oficina judicial
2018,031,Justiziako Gizarte Zerbitzua
2018,0310,Justiziako Gizarte Zerbitzua
2018,03100,Justiziako Gizarte Zerbitzua
2018,0311,Sección de Asistencia a las víctimas del delito de Navarra y colaboración con los órganos judiciales
2018,03110,Sección de Asistencia a las víctimas del delito de Navarra y colaboración con los órganos judiciales
2018,032,Servicio de Gestión de Medios Humanos y Materiales
2018,0320,Servicio de Gestión de Medios Humanos y Materiales
2018,03200,Servicio de Gestión de Medios Humanos y Materiales
2018,03201,Langileria Bulegoa
2018,0323,Proiektu Atala
2018,03230,Proiektu Atala
2018,0324,Sección de Medios Materiales
2018,03240,Sección de Medios Materiales
2018,04,Funtzio Publikoko Zuzendaritza Nagusia
2018,040,Funtzio Publikoko Zuzendaritza Nagusia
2018,0400,Funtzio Publikoko Zuzendaritza Nagusia
2018,04000,Funtzio Publikoko Zuzendaritza Nagusia
2018,0401,Sección de Relaciones Laborales
2018,04010,Sección de Relaciones Laborales
2018,041,Langileriaren Gastuaren Kontrolaren eta Nominen Zerbitzua
2018,0410,Langileriaren Gastuaren Kontrolaren eta Nominen Zerbitzua
2018,04100,Langileriaren Gastuaren Kontrolaren eta Nominen Zerbitzua
2018,0412,Sección de Gestión Presupuestaria y Registro de Altos Cargos
2018,04120,Sección de Gestión Presupuestaria y Registro de Altos Cargos
2018,0414,Nominen eta Gizarte Segurantzaren Atala
2018,04140,Nominen eta Gizarte Segurantzaren Atala
2018,04141,Negociado de Seguridad Social
2018,0415,Langileen Erregistro Nagusiaren Atala
2018,04150,Langileen Erregistro Nagusiaren Atala
2018,042,Servicio de Ordenación de la Función Pública
2018,0420,Servicio de Ordenación de la Función Pública
2018,04200,Servicio de Ordenación de la Función Pública
2018,0421,Araubide Juridikoaren Atala
2018,04210,Araubide Juridikoaren Atala
2018,0423,Sección de Régimen de Incompatibilidades y Gestión de Presencias
2018,04230,Sección de Régimen de Incompatibilidades y Gestión de Presencias
2018,043,Gizarte Prestazioen Zerbitzua
2018,0430,Gizarte Prestazioen Zerbitzua
2018,04300,Gizarte Prestazioen Zerbitzua
2018,0431,Montepioen eta Mozkin Sozialen Kudeaketako Atala
2018,04310,Montepioen eta Mozkin Sozialen Kudeaketako Atala
2018,0432,Laneko Arriskuen Prebentziorako Atala
2018,04320,Laneko Arriskuen Prebentziorako Atala
2018,044,Langileriaren Kudeaketako Zerbitzua
2018,0440,Langileriaren Kudeaketako Zerbitzua
2018,04400,Langileriaren Kudeaketako Zerbitzua
2018,0441,Sustapeneko eta Aldi Baterako Kontratazioko Atala
2018,04410,Sustapeneko eta Aldi Baterako Kontratazioko Atala
2018,0444,"Sección de Selección, Provisión y Situaciones Administrativas"
2018,04440,"Sección de Selección, Provisión y Situaciones Administrativas"
2018,045,Nafarroako Administrazio Publikoaren Institutua
2018,0450,Nafarroako Administrazio Publikoaren Institutua
2018,04500,Nafarroako Administrazio Publikoaren Institutua
2018,04501,Negociado de Servicios Auxiliares
2018,0451,Prestakuntza eta Garapeneko Atala
2018,04510,Prestakuntza eta Garapeneko Atala
2018,04511,Negociado de Innovación Formativa
2018,0452,Sección de Innovación e Idiomas
2018,04520,Sección de Innovación e Idiomas
2018,04521,Negociado de Formación de Idiomas Comunitarios
2018,04522,Negociado de Formación de Vascuence
2018,0453,Psikologia Aplikatuko Atala
2018,04530,Psikologia Aplikatuko Atala
2018,05,"Dirección General de Informática, Telecomunicaciones e Innovación Pública"
2018,050,"Dirección General de Informática, Telecomunicaciones e Innovación Pública"
2018,0500,"Dirección General de Informática, Telecomunicaciones e Innovación Pública"
2018,05000,"Dirección General de Informática, Telecomunicaciones e Innovación Pública"
2018,0501,Araubide Juridikoaren Atala
2018,05010,Araubide Juridikoaren Atala
2018,0503,Administrazio Laguntzako Atala
2018,05030,Administrazio Laguntzako Atala
2018,05031,Negociado de Régimen Administrativo
2018,051,Servicio de Organización e Innovación Pública
2018,0510,Servicio de Organización e Innovación Pública
2018,05100,Servicio de Organización e Innovación Pública
2018,0511,"Sección de Organización, Evaluación y Calidad"
2018,05110,"Sección de Organización, Evaluación y Calidad"
2018,0512,Sección de Innovación Pública
2018,05120,Sección de Innovación Pública
2018,0513,Sección de Análisis Estratégico y Planificación
2018,05130,Sección de Análisis Estratégico y Planificación
2018,052,Informazio Sistema Korporatiboen Zerbitzua
2018,0520,Informazio Sistema Korporatiboen Zerbitzua
2018,05200,Informazio Sistema Korporatiboen Zerbitzua
2018,0521,Prozedura Elektronikoen Atala
2018,05210,Prozedura Elektronikoen Atala
2018,0524,Portalizaziorako eta Jakintzaren Kudeaketarako Atala
2018,05240,Portalizaziorako eta Jakintzaren Kudeaketarako Atala
2018,0525,Sección de Sistemas de Información Centrales
2018,05250,Sección de Sistemas de Información Centrales
2018,0526,Sección de Sistemas de Información Territorial
2018,05260,Sección de Sistemas de Información Territorial
2018,053,Departamentuetako Informazio Sistemen Zerbitzua
2018,0530,Departamentuetako Informazio Sistemen Zerbitzua
2018,05300,Departamentuetako Informazio Sistemen Zerbitzua
2018,0532,"Sección de Proyectos en las Äreas de Presidencia, Función Pública, Interior y Justicia, Derechos Sociales y Deporte y Juventud"
2018,05320,"Sección de Proyectos en las Áreas de Presidencia, Función Pública, Interior y Justicia, Derechos Sociales y Deporte y Juventud"
2018,0533,"Sección de Proyectos en las Áreas de Desarrollo Económico, Empleo, Educación, Cultura y Relaciones Ciudadanas e Institucionales"
2018,05330,"Sección de Proyectos en las Áreas de Desarrollo Económico, Empleo, Educación, Cultura y Relaciones Ciudadanas e Institucionales"
2018,0534,"Sección de Proyectos en las Áreas de Desarrollo Rural, Medio Ambiente y Administración Local, Obras Públicas y Vivienda"
2018,05340,"Sección de Proyectos en las Áreas de Desarrollo Rural, Medio Ambiente y Administración Local, Obras Públicas y Vivienda"
2018,055,Azpiegitura Teknologikoen eta Euskarri Zentroaren Zerbitzua
2018,0550,Azpiegitura Teknologikoen eta Euskarri Zentroaren Zerbitzua
2018,05500,Azpiegitura Teknologikoen eta Euskarri Zentroaren Zerbitzua
2018,0551,Azpiegitura Teknologikoen Atala
2018,05510,Azpiegitura Teknologikoen Atala
2018,05511,Negociado de sistemas
2018,0552,Telekomunikazio Sistemen Atala
2018,05520,Telekomunikazio Sistemen Atala
2018,0553,Ekoizpen Atala
2018,05530,Ekoizpen Atala
2018,05531,Negociado de Producción
2018,0554,Sección de Seguridad y Gestión del Rendimiento
2018,05540,Sección de Seguridad y Gestión del Rendimiento
2018,056,Osasun Arloko Informazio Sistemen Zerbitzua
2018,0560,Osasun Arloko Informazio Sistemen Zerbitzua
2018,05600,Osasun Arloko Informazio Sistemen Zerbitzua
2018,05601,Negociado de Atención a Centros Hospitalarios
2018,0561,Osasun Antolamenduaren Atala
2018,05610,Osasun Antolamenduaren Atala
2018,0562,Osasun Elektronikoaren Historiaren Atala
2018,05620,Osasun Elektronikoaren Historiaren Atala
2018,0563,Sección de Sistemas de Información Administrativos de Atención Especializada
2018,05630,Sección de Sistemas de Información Administrativos de Atención Especializada
2018,0564,Sección de Arquitectura de Software para los Sistemas de Salud
2018,05640,Sección de Arquitectura de Software para los Sistemas de Salud
2018,1,Departamento de Hacienda y Política Financiera
2018,10,Departamento de Hacienda y Política Financiera
2018,100,Departamento de Hacienda y Política Financiera
2018,1000,Departamento de Hacienda y Política Financiera
2018,10000,Departamento de Hacienda y Política Financiera
2018,101,Idazkaritza Tekniko Orokorra
2018,1010,Idazkaritza Tekniko Orokorra
2018,10100,Idazkaritza Tekniko Orokorra
2018,1012,Administrazio Araubidearen Atala
2018,10120,Administrazio Araubidearen Atala
2018,1013,Araubide Juridikoaren Atala
2018,10130,Araubide Juridikoaren Atala
2018,10131,Mantentze Lanen Bulegoa
2018,102,Nafarroako Foru Auzitegi Ekonomiko Administratiboa
2018,1020,Nafarroako Foru Auzitegi Ekonomiko Administratiboa
2018,10200,Nafarroako Foru Auzitegi Ekonomiko Administratiboa
2018,103,Nafarroako Estatistika Institutua
2018,1030,Nafarroako Estatistika Institutua
2018,10300,Nafarroako Estatistika Institutua
2018,1031,Azpiegitura Estatistikoaren Atala
2018,10310,Azpiegitura Estatistikoaren Atala
2018,1032,Ekoizpen Estatistikoaren Atala
2018,10320,Ekoizpen Estatistikoaren Atala
2018,1033,Estatistiken Koordinazio eta Hedapenerako Atala
2018,10330,Estatistiken Koordinazio eta Hedapenerako Atala
2018,10331,Komunikazio Bulegoa
2018,10332,Nafarroako Estatistika Plana Kudeatzeko Bulegoa
2018,11,Aurrekontuaren Zuzendaritza Nagusia
2018,110,Aurrekontuaren Zuzendaritza Nagusia
2018,1100,Aurrekontuaren Zuzendaritza Nagusia
2018,11000,Aurrekontuaren Zuzendaritza Nagusia
2018,111,Kontabilitate Zerbitzua
2018,1110,Kontabilitate Zerbitzua
2018,11100,Kontabilitate Zerbitzua
2018,1111,Kontabilitate Orokorraren eta Aurrekontuetako Kontabilitatearen Atala
2018,11110,Kontabilitate Orokorraren eta Aurrekontuetako Kontabilitatearen Atala
2018,11111,Kontabilitate Zentroko Bulegoa
2018,11112,Kontabilitateko Informazioa Sortzeko Bulegoa
2018,11113,Kontabilitateko Informazioa Hedatzeko Bulegoa
2018,11114,Kontabilizazioko Prozedura Berezien Bulegoa
2018,1112,Sección de Contabilidad Nacional
2018,11120,Sección de Contabilidad Nacional
2018,1113,Diruzaintza Atala
2018,11130,Diruzaintza Atala
2018,11131,Kobrantza eta Ordainketen Bulegoa
2018,112,Esku-hartze Orokorreko Zerbitzua
2018,1120,Esku-hartze Orokorreko Zerbitzua
2018,11200,Esku-hartze Orokorreko Zerbitzua
2018,1121,Interbentzio Atala
2018,11210,Interbentzio Atala
2018,1123,Auditoretza Atala
2018,11230,Auditoretza Atala
2018,1124,Egitura Funtsen Finantza Kontroleko Atala
2018,11240,Egitura Funtsen Finantza Kontroleko Atala
2018,1125,FEAGA-LGENF  Laguntze Finantza Kontroleko Atala
2018,11250,FEAGA-LGENF  Laguntze Finantza Kontroleko Atala
2018,113,Ondare Zerbitzua
2018,1130,Ondare Zerbitzua
2018,11300,Ondare Zerbitzua
2018,1131,Ondarearen Kudeaketa Juridikoaren Atala
2018,11310,Ondarearen Kudeaketa Juridikoaren Atala
2018,11311,Inbentario Orokorreko Bulegoa
2018,11314,Administrazio Laguntzako Bulegoa
2018,11315,"Laguntza Teknikoaren, Sozietate Publikoen eta Abalen Bulegoa"
2018,1132,Ondarearen Kudeaketa Teknikoaren Atala
2018,11320,Ondarearen Kudeaketa Teknikoaren Atala
2018,11321,Plangintza eta Balorazioen Bulegoa
2018,1133,"Kontratazioaren, Aseguruen eta Afera Ekonomikoen Atala"
2018,11330,"Kontratazioaren, Aseguruen eta Afera Ekonomikoen Atala"
2018,11331,Eskuratzeen Bulegoa
2018,11333,Erregistro eta Aseguruen Bulegoa
2018,11334,Gai Ekonomikoen Bulegoa
2018,11335,Laguntza Juridikoko Bulegoa
2018,114,Aurrekontuen eta Finantza Politikaren Zerbitzua
2018,1140,Aurrekontuen eta Finantza Politikaren Zerbitzua
2018,11400,Aurrekontuen eta Finantza Politikaren Zerbitzua
2018,1141,Aurrekontuen Atala
2018,11410,Aurrekontuen Atala
2018,1143,Finantza Politikako Atala
2018,11430,Finantza Politikako Atala
2018,1144,Sección de Programación Presupuestaria
2018,11440,Sección de Programación Presupuestaria
2018,17,Hacienda Tributaria de Navarra
2018,170,Hacienda Tributaria de Navarra
2018,1700,Hacienda Tributaria de Navarra
2018,17000,Hacienda Tributaria de Navarra
2018,1701,Administrazio Atala
2018,17010,Administrazio Atala
2018,1702,Sección de Análisis Tributario
2018,17020,Sección de Análisis Tributario
2018,171,Servicio de Convenio Económico y Planificación Financiera
2018,1710,Servicio de Convenio Económico y Planificación Financiera
2018,17100,Servicio de Convenio Económico y Planificación Financiera
2018,1711,Estatuarekiko Finantza Fluxuen Atala
2018,17110,Estatuarekiko Finantza Fluxuen Atala
2018,1712,Sección de Análisis Recaudatorio
2018,17120,Sección de Análisis Recaudatorio
2018,17121,Zuzendaritzarako Informazioaren Unitate Administratiboa
2018,172,Araudiaren Garapeneko eta Aholkularitza Juridikoko Zerbitzua
2018,1720,Araudiaren Garapeneko eta Aholkularitza Juridikoko Zerbitzua
2018,17200,Araudiaren Garapeneko eta Aholkularitza Juridikoko Zerbitzua
2018,1721,Tributu Sistemaren Fiskalitate eta Garapenerako Atala
2018,17210,Tributu Sistemaren Fiskalitate eta Garapenerako Atala
2018,1722,"Tributuen arloko Aholkularitza, Dokumentazio eta Zabalkunderako Atala"
2018,17220,"Tributuen arloko Aholkularitza, Dokumentazio eta Zabalkunderako Atala"
2018,173,Zerga Informazioko Sistemen Zerbitzua
2018,1730,Zerga Informazioko Sistemen Zerbitzua
2018,17300,Zerga Informazioko Sistemen Zerbitzua
2018,1731,Koordinazio Informatikoaren Atala
2018,17310,Koordinazio Informatikoaren Atala
2018,17311,Prozesuak Kontrolatzeko Bulegoa
2018,1732,Informazio Sistemen Analisirako Atala
2018,17320,Informazio Sistemen Analisirako Atala
2018,1733,Identifikazioaren eta Eredu Informatiboen Atala
2018,17330,Identifikazioaren eta Eredu Informatiboen Atala
2018,17332,"Negociado de Control de Entradas de Información, Identificación y Archivo"
2018,1734,"Sección de Impulso de Proyectos, Mejora de Procedimientos y Seguridad"
2018,17340,"Sección de Impulso de Proyectos, Mejora de Procedimientos y Seguridad"
2018,17341,Informazioa Eskuratzeko Bideak Kudeatu eta Kontrolatzeko Bulegoa
2018,175,Zerga Kudeaketako Zerbitzua
2018,1750,Zerga Kudeaketako Zerbitzua
2018,17500,Zerga Kudeaketako Zerbitzua
2018,1752,"Ez-egoiliarren Errentaren, Sozietateen eta Saltoki Handien gaineko Zergen Atala"
2018,17520,"Ez-egoiliarren Errentaren, Sozietateen eta Saltoki Handien gaineko Zergen Atala"
2018,17521,Negociado del Impuesto sobre la Renta de no Residentes
2018,1753,"Oinordetzen eta Dohaintzen, Ondare Eskualdaketen eta Egintza Juridiko Dokumentatuen gaineko Zergen Atala"
2018,17530,"Oinordetzen eta Dohaintzen, Ondare Eskualdaketen eta Egintza Juridiko Dokumentatuen gaineko Zergen Atala"
2018,17531,Negociado del Impuesto sobre Sucesiones y Donaciones
2018,1754,Sección del Impuesto sobre el Valor Añadido
2018,17540,Sección del Impuesto sobre el Valor Añadido
2018,17542,Aholkularitza eta Koordinazio Bulegoa
2018,1755,Zerga Berezien eta Bestelako Tributuen Atala
2018,17550,Zerga Berezien eta Bestelako Tributuen Atala
2018,17551,"Zerga Bereziei, Aseguru-sarien Zergari eta Tasei buruzko Kontu-hartzearen Bulegoa"
2018,1757,Sección de Grandes Empresas
2018,17570,Sección de Grandes Empresas
2018,1758,Sección de Devoluciones de IVA
2018,17580,Sección de Devoluciones de IVA
2018,176,Servicio de Riqueza Territorial y Tributos Patrimoniales
2018,1760,Servicio de Riqueza Territorial y Tributos Patrimoniales
2018,17600,Servicio de Riqueza Territorial y Tributos Patrimoniales
2018,1761,Lurralde Aberastasunaren Erregistroaren Atala
2018,17610,Lurralde Aberastasunaren Erregistroaren Atala
2018,1762,Tasazio Atala
2018,17620,Tasazio Atala
2018,177,Zerga Ikuskaritzako Zerbitzua
2018,1770,Zerga Ikuskaritzako Zerbitzua
2018,17700,Zerga Ikuskaritzako Zerbitzua
2018,17701,Kudeaketa Administratibo eta Dokumentazioaren Bulegoa
2018,17702,Ikuskapen Jarduketak Koordinatzeko 1. Unitate Administratiboa
2018,17703,Ikuskapen Jarduketak Koordinatzeko 2. Unitate Administratiboa
2018,17704,Ikuskapen Jarduketak Koordinatzeko 3. Unitate Administratiboa
2018,17706,Plangintza eta Ikerketarako Unitate Administratiboa
2018,1771,Bulego Teknikoaren Atala
2018,17710,Bulego Teknikoaren Atala
2018,178,Diru-bilketako Zerbitzua
2018,1780,Diru-bilketako Zerbitzua
2018,17800,Diru-bilketako Zerbitzua
2018,1781,Gerorapenak Kudeatzeko Atala
2018,17810,Gerorapenak Kudeatzeko Atala
2018,17811,Gerorapen Bulegoa
2018,1782,Derrigorrezko Diru-bilketaren Atala
2018,17820,Derrigorrezko Diru-bilketaren Atala
2018,17822,Kudeaketa Administratiboaren Bulegoa
2018,17823,Negociado de Procedimientos de Ejecución
2018,1783,Prozedura Berezien Atala
2018,17830,Prozedura Berezien Atala
2018,1784,Sección de Aplicación y Control de la Recaudación
2018,17840,Sección de Aplicación y Control de la Recaudación
2018,17841,Kobrantzaren Aplikazio Bulegoa
2018,179,Zergadunarentzako Laguntza eta Informazio Zerbitzua
2018,1790,Zergadunarentzako Laguntza eta Informazio Zerbitzua
2018,17900,Zergadunarentzako Laguntza eta Informazio Zerbitzua
2018,1791,Zergadunari Laguntza Emateko Atala
2018,17910,Zergadunari Laguntza Emateko Atala
2018,17911,"Negociado de Asesoramiento, Formación y Coordinación"
2018,1792,Laguntza Teknikoaren eta Entitate Laguntzaileen Atala
2018,17920,Laguntza Teknikoaren eta Entitate Laguntzaileen Atala
2018,17921,Laguntza Teknikoaren Unitate Administratiboa
2018,17922,Entitate Laguntzaileen Unitate Administratiboa
2018,1795,"Sección de Requerimientos, Notificaciones e IAE"
2018,17950,"Sección de Requerimientos, Notificaciones e IAE"
2018,17951,Jakinarazpenak Kudeatzeko Bulegoa
2018,17A,Servicio de Gestión de los Impuestos sobre la Renta de las Personas Físicas y sobre el Patrimonio
2018,17A0,Servicio de Gestión de los Impuestos sobre la Renta de las Personas Físicas y sobre el Patrimonio
2018,17A00,Servicio de Gestión de los Impuestos sobre la Renta de las Personas Físicas y sobre el Patrimonio
2018,17A01,Antolaketa Administratiboko Unitate Administratiboa
2018,17A1,Pertsona Fisikoen Errentaren eta Ondarearen gaineko Zergen Atal Tekniko eta Kontrolekoa
2018,17A10,Pertsona Fisikoen Errentaren eta Ondarearen gaineko Zergen Atal Tekniko eta Kontrolekoa
2018,17A11,Pertsona Fisikoen Errentaren Zergari buruzko Aholku Teknikorako Bulegoa
2018,17A12,Negociado de Gestión de los Impuestos sobre la Renta de las Personas Físicas y sobre el Patrimonio
2018,17A2,Sección de Campaña de los Impuestos sobre la Renta de las Personas Físicas y sobre el Patrimonio
2018,17A20,Sección de Campaña de los Impuestos sobre la Renta de las Personas Físicas y sobre el Patrimonio
2018,17A21,Pertsona Fisikoen Errentaren gaineko Zergako Kanpainako Entitate Laguntzaileen Unitate Administratiboa
2018,17A23,Kanpainaren Koordinazioko Unitate Administratiboa
2018,17A3,Sección de Relación con el Contribuyente para la Campaña de los Impuestos sobre la Renta de las Personas Físicas y sobre el Patrimonio y de Registro Auxiliar
2018,17A30,Sección de Relación con el Contribuyente para la Campaña de los Impuestos sobre la Renta de las Personas Físicas y sobre el Patrimonio y de Registro Auxiliar
2018,4,Hezkuntza Departamentua
2018,40,Hezkuntza Departamentua
2018,400,Hezkuntza Departamentua
2018,4000,Hezkuntza Departamentua
2018,40000,Hezkuntza Departamentua
2018,40001,Nafarroako Eskola Kontseilua - Hezkuntzako Batzorde Nagusia
2018,401,Idazkaritza Tekniko Orokorra
2018,4010,Idazkaritza Tekniko Orokorra
2018,40100,Idazkaritza Tekniko Orokorra
2018,4011,Sección de Modernización y Régimen Administrativo
2018,40110,Sección de Modernización y Régimen Administrativo
2018,40112,Erregistro Bulegoa
2018,40113,Argibide eta Agiri Bulegoa
2018,4012,Aurrekontuen eta Kudeaketa Ekonomikoaren Atala
2018,40120,Aurrekontuen eta Kudeaketa Ekonomikoaren Atala
2018,40122,Kudeaketa Ekonomikorako Bulegoa
2018,40123,Negociado de Apoyo a la Actividad Económica de los Centros y Control Presupuestario
2018,4013,Araubide Juridikoaren Atala
2018,40130,Araubide Juridikoaren Atala
2018,40132,Laguntza Juridikoko Bulegoa
2018,4016,Laneko Arriskuen Prebentziorako Atala
2018,40160,Laneko Arriskuen Prebentziorako Atala
2018,41,Dirección General de Universidades y Recursos Educativos
2018,410,Dirección General de Universidades y Recursos Educativos
2018,4100,Dirección General de Universidades y Recursos Educativos
2018,41000,Dirección General de Universidades y Recursos Educativos
2018,411,Baliabide Ekonomikoen Zerbitzua
2018,4110,Baliabide Ekonomikoen Zerbitzua
2018,41100,Baliabide Ekonomikoen Zerbitzua
2018,4111, Azterlan Ekonomikoen Atala
2018,41110, Azterlan Ekonomikoen Atala
2018,4112,Nominen eta Gizarte Aseguruen Atala
2018,41120,Nominen eta Gizarte Aseguruen Atala
2018,41121,Negociado de Nóminas de Personal de Educación
2018,41123,Gizarte Aseguruen Bulegoa
2018,41124,Itunpeko eta Diruz Lagundutako Ikastetxeetako Nominen Bulegoa
2018,4114,"Ikastetxeen, Finantzaketaren eta Ikasketetarako Laguntzen Atala"
2018,41140,"Ikastetxeen, Finantzaketaren eta Ikasketetarako Laguntzen Atala"
2018,41143,Ikastetxeak Finantzatzeko Bulegoa
2018,41144,Beka Bulegoa
2018,412,Servicio de Universidades y Tecnologías Educativas
2018,4120,Servicio de Universidades y Tecnologías Educativas
2018,41200,Servicio de Universidades y Tecnologías Educativas
2018,4121,Unibertsitateen Atala
2018,41210,Unibertsitateen Atala
2018,41211,Goi mailako Irakaskuntzaren Bulegoa
2018,41212,Ikerketarako eta Nazioarteratzeko Laguntzen Bulegoa
2018,4122,Sección de Tecnologías Educativas
2018,41220,Sección de Tecnologías Educativas
2018,41221,Negociado de Gestión Curricular de las Tecnologías de la Información y de la Comunicación
2018,41222,Ikastetxeetako Informazioa Kudeatzeko Bulegoa
2018,41223,Hezkuntzako Sistema eta Sareen Bulegoa
2018,413,Servicio de Planificación Educativa
2018,4130,Servicio de Planificación Educativa
2018,41300,Servicio de Planificación Educativa
2018,4131,Plangintza Atala
2018,41310,Plangintza Atala
2018,4132,Sección de Estudios y Proyección de Recursos Humanos
2018,41320,Sección de Estudios y Proyección de Recursos Humanos
2018,4133,Sección de Evolución y Gestión de Sistemas de Información
2018,41330,Sección de Evolución y Gestión de Sistemas de Información
2018,41331,Negociado de Sistemas de Información de la Dirección General de Educación
2018,41332,Negociado de Sistemas de Información de la Dirección General de Universidades y Recursos Educativos
2018,417,Giza Baliabideen Zerbitzua
2018,4170,Giza Baliabideen Zerbitzua
2018,41700,Giza Baliabideen Zerbitzua
2018,41701,Langileriaren Plantillaren Bulegoa
2018,4171,Langileriaren Araubide Juridikoaren Atala
2018,41710,Langileriaren Araubide Juridikoaren Atala
2018,41711,Kontrol Administratiboaren eta Langileriaren Araubidearen Bulegoa
2018,4172,Deialdien Atala
2018,41720,Deialdien Atala
2018,4174,Sección de Prevención de Riesgos Laborales
2018,41740,Sección de Prevención de Riesgos Laborales
2018,4176,Langileen Kontrataziorako Atala
2018,41760,Langileen Kontrataziorako Atala
2018,418,Hezkuntzako Azpiegituren Zerbitzua
2018,4180,Hezkuntzako Azpiegituren Zerbitzua
2018,41800,Hezkuntzako Azpiegituren Zerbitzua
2018,4181,Obren Atala
2018,41810,Obren Atala
2018,41811,Eraikuntza Bulegoa
2018,4182,Hezkuntza Departamentuko Egoitzen eta Ikastetxeen Mantentze Lanetarako Atala
2018,41820,Hezkuntza Departamentuko Egoitzen eta Ikastetxeen Mantentze Lanetarako Atala
2018,41821,Mantentze Lanen Bulegoa
2018,41822,Eskuratzeen Bulegoa
2018,4183,"Kontratazioaren, Zerbitzu Osagarrien eta Koordinazio Administratiboaren Atala"
2018,41830,"Kontratazioaren, Zerbitzu Osagarrien eta Koordinazio Administratiboaren Atala"
2018,41831,Zerbitzu Osagarrien Bulegoa
2018,41833,Kontratazio Bulegoa
2018,42,Dirección General de Educación
2018,420,Dirección General de Educación
2018,4200,Dirección General de Educación
2018,42000,Dirección General de Educación
2018,421,Antolamenduko eta Aukera Berdintasuneko Zerbitzua
2018,4210,Antolamenduko eta Aukera Berdintasuneko Zerbitzua
2018,42100,Antolamenduko eta Aukera Berdintasuneko Zerbitzua
2018,4211,Ikasketak Antolatzeko Atala
2018,42110,Ikasketak Antolatzeko Atala
2018,42111,Antolamendu Bulegoa
2018,42112,Titulu eta Baliozkotze Bulegoa
2018,42113,Etengabeko Prestakuntzaren Bulegoa
2018,4212,0-3 urteko Haurren eta Landa Eskolen Atala
2018,42120,0-3 urteko Haurren eta Landa Eskolen Atala
2018,42121,0-3 urteko Haurren Bulegoa
2018,4219,Aniztasunarekiko Arretaren eta Hezkuntza Premia Berezien Atala
2018,42190,Aniztasunarekiko Arretaren eta Hezkuntza Premia Berezien Atala
2018,42191,Ngegociado de Necesidades Educativas
2018,42192,Orientazio Bulegoa
2018,42193,Inklusio Proiektuetarako Bulegoa
2018,424,Hizkuntzen eta Irakaskuntza Artistikoen Zerbitzua
2018,4240,Hizkuntzen eta Irakaskuntza Artistikoen Zerbitzua
2018,42400,Hizkuntzen eta Irakaskuntza Artistikoen Zerbitzua
2018,4241,Sección de Euskera
2018,42410,Sección de Euskera
2018,42411,Euskararen Sustapenaren eta Didaktikaren Bulegoa
2018,42412,EGAren Bulegoa
2018,4242,Ingelesaren eta Atzerriko Beste Hizkuntza Batzuen Atala
2018,42420,Ingelesaren eta Atzerriko Beste Hizkuntza Batzuen Atala
2018,42421,Hizkuntza Eskolen eta Egiaztapenen Bulegoa
2018,42422,Atzerriko Hizkuntzak Ikasteko Programen Bulegoa
2018,4244,Arte Ikasketetarako eta Musikaren Hiria Kudeatzeko Atala
2018,42440,Arte Ikasketetarako eta Musikaren Hiria Kudeatzeko Atala
2018,42441,Musikaren Hiria Koordinatzeko Bulegoa
2018,426,Lanbide Heziketako Zerbitzua
2018,4260,Lanbide Heziketako Zerbitzua
2018,42600,Lanbide Heziketako Zerbitzua
2018,4261,"Lanbide Heziketaren Plangintza, Antolamendu eta Garapenerako Atala"
2018,42610,"Lanbide Heziketaren Plangintza, Antolamendu eta Garapenerako Atala"
2018,42611,Negociado de Desarrollo de Enseñanzas Profesionales
2018,4262,"Berrikuntzaren, Enpresaren eta Lanbide Heziketa Nazioartekotzearen Atala"
2018,42620,"Berrikuntzaren, Enpresaren eta Lanbide Heziketa Nazioartekotzearen Atala"
2018,42621,Lanbide Heziketa Berriztatzeko Bulegoa
2018,42622,Lan Zentroetako Prestakuntzako eta Etengabeko Prestakuntzako Bulegoa
2018,42623,Lanbide Heziketa Nazioartekotzeko Bulegoa
2018,4263,Sección de Cualificaciones Profesionales
2018,42630,Sección de Cualificaciones Profesionales
2018,42631,Negociado de Seguimiento y Calidad del Sistema de Cualificaciones
2018,427,"Servicio de Evaluación, Calidad, Formación y Convivencia"
2018,4270,"Servicio de Evaluación, Calidad, Formación y Convivencia"
2018,42700,"Servicio de Evaluación, Calidad, Formación y Convivencia"
2018,4273,Sección de Formación
2018,42730,Sección de Formación
2018,42732,Prestakuntza Programen Bulegoa
2018,42734,Negociado de Centros de Apoyo al Profesorado y Proyectos de Inovación
2018,4275,Ebaluazioaren eta Kalitatearen Atala
2018,42750,Ebaluazioaren eta Kalitatearen Atala
2018,42751,Negociado de Calidad
2018,42753,Negociado de Evaluación
2018,4276,Bizikidetza Atala
2018,42760,Bizikidetza Atala
2018,42761,Negociado de Convivencia
2018,428,Hezkuntza Ikuskaritzako Zerbitzua
2018,4280,Hezkuntza Ikuskaritzako Zerbitzua
2018,42800,Hezkuntza Ikuskaritzako Zerbitzua
2018,42801,Kontrol Administratiboaren eta Artxiboaren Bulegoa
2018,42802,Eskolatze Bulegoa
2018,5,Osasun Departamentua
2018,50,Osasun Departamentua
2018,500,Osasun Departamentua
2018,5000,Osasun Departamentua
2018,50000,Osasun Departamentua
2018,501,Idazkaritza Tekniko Orokorra
2018,5010,Idazkaritza Tekniko Orokorra
2018,50100,Idazkaritza Tekniko Orokorra
2018,5012,Araubide Juridikoaren Atala
2018,50120,Araubide Juridikoaren Atala
2018,50121,Sostengu Juridikoa Emateko Bulegoa
2018,50122,Espedienteak Tramitatzeko Bulegoa
2018,5013,Sección de Régimen Interior y Modernización
2018,50130,Sección de Régimen Interior y Modernización
2018,50132,Erregistro eta Agiritegi Bulegoa
2018,50133,Kontabilitate Bulegoa
2018,51,Osasuneko Zuzendaritza Nagusia
2018,510,Osasuneko Zuzendaritza Nagusia
2018,5100,Osasuneko Zuzendaritza Nagusia
2018,51000,Osasuneko Zuzendaritza Nagusia
2018,511,"Servicio de Ciudadanía Sanitaria, Aseguramiento y Garantías"
2018,5110,"Servicio de Ciudadanía Sanitaria, Aseguramiento y Garantías"
2018,51100,"Servicio de Ciudadanía Sanitaria, Aseguramiento y Garantías"
2018,51101,Administrazio Aferetarako Bulegoa
2018,5111,Sección de Inspección de Actividades Sanitarias
2018,51110,Sección de Inspección de Actividades Sanitarias
2018,5112,"Sección de Ciudadanía Sanitaria, Aseguramiento y Garantías"
2018,51120,"Sección de Ciudadanía Sanitaria, Aseguramiento y Garantías"
2018,5113,Farmazia Ikuskapenaren Atala
2018,51130,Farmazia Ikuskapenaren Atala
2018,512,Nafarroako Osasun Publikoaren eta Lan Osasunaren Institutua
2018,5120,Nafarroako Osasun Publikoaren eta Lan Osasunaren Institutua
2018,51200,Nafarroako Osasun Publikoaren eta Lan Osasunaren Institutua
2018,5122,Servicio de Salud Laboral
2018,51220,Servicio de Salud Laboral
2018,51221,Sección de Valoración Clínico-Laboral e Inspección Médica
2018,51222,Sección de Medicina del Trabajo y Epidemiología Laboral
2018,51223,Laneko Arriskuen Prebentziorako Atala
2018,5123,Servicio de Epidemiología y Prevención Sanitaria
2018,51230,Servicio de Epidemiología y Prevención Sanitaria
2018,51231,Sección de Vigilancia Epidemiológica e Investigación
2018,51233,Detekzio Goiztiarraren Atala
2018,51235,Sección de Intervención Epidemiológica y Vacunaciones
2018,5124,Elikagaien Segurtasunaren eta Ingurumen Osasunaren Zerbitzua
2018,51240,Elikagaien Segurtasunaren eta Ingurumen Osasunaren Zerbitzua
2018,51241,Osasun Publikoaren Laborategiko Atala
2018,51242,Elikagaien Segurtasunaren Atala
2018,51243,Ingurumen osasunaren Atala
2018,5125,Servicio de Gestión Económica y de Profesionales
2018,51250,Servicio de Gestión Económica y de Profesionales
2018,51251,Kudeaketa Ekonomikoaren Atala
2018,51252,Sección de Profesionales
2018,5126,Servicio de Promoción de la Salud Comunitaria
2018,51260,Servicio de Promoción de la Salud Comunitaria
2018,51261,Sección del Observatorio de la Salud Comunitaria
2018,51262,Sección de Promoción de la Salud y Salud en todas las Políticas
2018,513,"Servicio de Planificación, Evaluación y Gestión del Conocimiento"
2018,5130,"Servicio de Planificación, Evaluación y Gestión del Conocimiento"
2018,51300,"Servicio de Planificación, Evaluación y Gestión del Conocimiento"
2018,51301,Kudeaketa Administratiboaren Bulegoa
2018,51302,Ekonomia Aferetarako eta Barne Araubideko Bulegoa
2018,5131,Sección de Formación
2018,51310,Sección de Formación
2018,51311,Prestakuntzaren Kudeaketa Bulegoa
2018,5132,"Sección de Planificación, Ordenación y Contratación de Servicios Sanitarios"
2018,51320,"Sección de Planificación, Ordenación y Contratación de Servicios Sanitarios"
2018,5133,Sección de Evaluación y Rendición de Cuentas
2018,51330,Sección de Evaluación y Rendición de Cuentas
2018,51331,Ebaluazio Estrategikoaren Bulegoa
2018,51332,Plangintza Estrategikoaren Bulegoa
2018,5135,"Sección de Investigación, Innovación y Gestión del Conocimiento"
2018,51350,"Sección de Investigación, Innovación y Gestión del Conocimiento"
2018,51351,Ezagutza Kudeatzeko Bulegoa
2018,51352,Ikerketa Kudeatzeko Bulegoa
2018,52,Osasunbidea-Nafarroako Osasun Zerbitzuaren Zuzendaritza Kudeatzailetza
2018,520,Osasunbidea-Nafarroako Osasun Zerbitzuaren Zuzendaritza Kudeatzailetza
2018,5200,Osasunbidea-Nafarroako Osasun Zerbitzuaren Zuzendaritza Kudeatzailetza
2018,52000,Osasunbidea-Nafarroako Osasun Zerbitzuaren Zuzendaritza Kudeatzailetza
2018,52001,Servicio de Régimen Jurídico
2018,52002,Servicio de Sistemas de Información Sanitaria
2018,521,Dirección de Gestión Económica y Servicios Generales
2018,5210,Dirección de Gestión Económica y Servicios Generales
2018,52100,Dirección de Gestión Económica y Servicios Generales
2018,52101,Aurrekontuen eta Kontabilitatearen Zerbitzua
2018,52102,Servicio de Control y Análisis del Coste
2018,5211,"Subdirección de Aprovisionamiento, Infraestructuras y Servicios Generales"
2018,52110,"Subdirección de Aprovisionamiento, Infraestructuras y Servicios Generales"
2018,52111,Horniduraren eta Zerbitzu Orokorren Zerbitzua
2018,52112,Servicio de Infraestructuras
2018,522,Gerencia del Complejo Hospitalario de Navarra
2018,5220,Gerencia del Complejo Hospitalario de Navarra
2018,52200,Gerencia del Complejo Hospitalario de Navarra
2018,52202,Servicio de Admisión y Atención al Ciudadano
2018,52203,"Servicio de Gestión, Información y Evaluación"
2018,5221,Dirección Asistencial del Complejo Hospitalario de Navarra
2018,52210,Dirección Asistencial del Complejo Hospitalario de Navarra
2018,52211,Subdirección Asistencial de Procesos Ambulatorios y Diagnóstico
2018,52212,Subdirección Asistencial de Procesos Quirúrgicos
2018,52213,Subdirección Asistencial de Procesos de Hospitalización y Urgentes
2018,52214,Nafarroako Odol eta Ehun Bankua
2018,52215,Servicio de Apoyo a la Gestión Clínica y Continuidad Asistencial
2018,5222,Dirección de Cuidados Sanitarios del Complejo Hospitalario de Navarra
2018,52220,Dirección de Cuidados Sanitarios del Complejo Hospitalario de Navarra
2018,52221,Subdirección de Cuidados de Procesos Quirúrgicos y Recursos Materiales
2018,52222,Subdirección de Cuidados Ambulatorios y Apoyo al Diagnóstico
2018,52223,Subdirección de Cuidados de Hospitalización y Urgentes
2018,5223,Dirección de Profesionales del Complejo Hospitalario de Navarra
2018,52230,Dirección de Profesionales del Complejo Hospitalario de Navarra
2018,52231,Servicio de Personal y Relaciones Laborales del Complejo Hospitalario de Navarra
2018,5224,Dirección de Gestión Económica y Servicios Generales del Complejo Hospitalario de Navarra
2018,52240,Dirección de Gestión Económica y Servicios Generales del Complejo Hospitalario de Navarra
2018,52241,Servicio de Administración y Servicios Generales del Complejo Hospitalario de Navarra
2018,523,Gerencia de Atención Primaria
2018,5230,Gerencia de Atención Primaria
2018,52300,Gerencia de Atención Primaria
2018,5231,Subdirección de Atención Primaria y Continuidad Asistencial de Navarra Norte
2018,52310,Subdirección de Atención Primaria y Continuidad Asistencial de Navarra Norte
2018,5232,Subdirección de Atención Primaria y Continuidad Asistencial de Navarra Este
2018,52320,Subdirección de Atención Primaria y Continuidad Asistencial de Navarra Este
2018,5233,Servicio de Apoyo a la Gestión Clínica y Continuidad Asistencial
2018,52330,Servicio de Apoyo a la Gestión Clínica y Continuidad Asistencial
2018,5234,Servicio de Gestión Económica y Servicios Generales de Atención Primaria
2018,52340,Servicio de Gestión Económica y Servicios Generales de Atención Primaria
2018,5235,Servicio de Profesionales de Atención Primaria
2018,52350,Servicio de Profesionales de Atención Primaria
2018,5236,Servicio de Cuidados Asistenciales y Atención Domiciliaria
2018,52360,Servicio de Cuidados Asistenciales y Atención Domiciliaria
2018,523A,Servicio de Urgencias Extrahospitalarias
2018,523A0,Servicio de Urgencias Extrahospitalarias
2018,524,Gerencia del Área de Salud de Tudela
2018,5240,Gerencia del Área de Salud de Tudela
2018,52400,Gerencia del Área de Salud de Tudela
2018,5241,Dirección Asistencial del Área de Salud de Tudela
2018,52410,Dirección Asistencial del Área de Salud de Tudela
2018,5242,Servicio de Atención Primaria y Continuidad Asistencial de Tudela
2018,52420,Servicio de Atención Primaria y Continuidad Asistencial de Tudela
2018,5243,Servicio de Gestión Económica y Servicios Generales del Área de Salud de Tudela
2018,52430,Servicio de Gestión Económica y Servicios Generales del Área de Salud de Tudela
2018,5244,Servicio de Profesionales del Área de Salud de Tudela
2018,52440,Servicio de Profesionales del Área de Salud de Tudela
2018,5245,Servicio de Cuidados Asistenciales del Área de Salud de Tudela
2018,52450,Servicio de Cuidados Asistenciales del Área de Salud de Tudela
2018,525,Gerencia del Área de Salud de Estella/Lizarra
2018,5250,Gerencia del Área de Salud de Estella/Lizarra
2018,52500,Gerencia del Área de Salud de Estella/Lizarra
2018,5251,Dirección Asistencial del Área de Salud de Estella/Lizarra
2018,52510,Dirección Asistencial del Área de Salud de Estella/Lizarra
2018,5252,Servicio de Atención Primaria y Continuidad Asistencial de Estella/Lizarra
2018,52520,Servicio de Atención Primaria y Continuidad Asistencial de Estella/Lizarra
2018,5253,Servicio de Gestión Económica y Servicios Generales del Área de Salud de Estella/Lizarra
2018,52530,Servicio de Gestión Económica y Servicios Generales del Área de Salud de Estella/Lizarra
2018,5254,Servicio de Profesionales del Área de Salud de Estella/Lizarra
2018,52540,Servicio de Profesionales del Área de Salud de Estella/Lizarra
2018,5255,Servicio de Cuidados Asistenciales del Área de Salud de Estella/Lizarra
2018,52550,Servicio de Cuidados Asistenciales del Área de Salud de Estella/Lizarra
2018,526,Dirección de Profesionales
2018,5260,Dirección de Profesionales
2018,52600,Dirección de Profesionales
2018,52601,Servicio de Desarrollo Profesional y Participación
2018,52602,Servicio de Prevención y Riesgos Laborales
2018,5261,Subdirección de Personal y Relaciones Laborales
2018,52610,Subdirección de Personal y Relaciones Laborales
2018,52611,"Servicio de Gestión de la Contratación, Ingreso y Provisión"
2018,52612,Servicio de Retribuciones y Prestaciones
2018,52613,Servicio de Procesos y Evaluación de Personal
2018,527,Gerencia de Salud Mental
2018,5270,Gerencia de Salud Mental
2018,52700,Gerencia de Salud Mental
2018,52701,Farmazia eta Dietetika Atala
2018,52702,Ekintza Soziosanitarioko Planaren Koordinatzailea
2018,5271,Servicio del Área de Hospitalización
2018,52710,Servicio del Área de Hospitalización
2018,5272,Servicio del Área de Atención Comunitaria y Centros de Salud
2018,52720,Servicio del Área de Atención Comunitaria y Centros de Salud
2018,5273,Servicio del Área de Recursos Intermedios
2018,52730,Servicio del Área de Recursos Intermedios
2018,5274,Servicio de Cuidados Asistenciales de Salud Mental
2018,52740,Servicio de Cuidados Asistenciales de Salud Mental
2018,52741,Programen Arloa
2018,52742,Erizaintzako Arloa
2018,5275,Servicio de Gestión Económica y de Profesionales
2018,52750,Servicio de Gestión Económica y de Profesionales
2018,52751,Administrazio Atala
2018,52752,Zerbitzu Orokorren Atala
2018,52753,Langileriaren Atala
2018,528,Dirección de Asistencia Sanitaria al Paciente
2018,5280,Dirección de Asistencia Sanitaria al Paciente
2018,52800,Dirección de Asistencia Sanitaria al Paciente
2018,52801,Norbanakoen Osasun Txartelaren Atala
2018,5282,Subdirección de Asistencia Sanitaria Integrada
2018,52820,Subdirección de Asistencia Sanitaria Integrada
2018,52821,Servicio de Atención a Ciudadanos y Pacientes
2018,52822,Servicio de Efectividad y Seguridad Asistencial
2018,52823,Servicio de Gestión Clínica y Evaluación Asistencial
2018,52824,Servicio de Gestión de Prestaciones y Conciertos
2018,5283,Subdirección de Farmacia
2018,52830,Subdirección de Farmacia
2018,52831,Servicio de Gestión de la Prestación Farmacéutica
2018,7,"Landa Garapeneko, Ingurumeneko eta Toki Administrazioko Departamentua"
2018,70,"Landa Garapeneko, Ingurumeneko eta Toki Administrazioko Departamentua"
2018,700,"Landa Garapeneko, Ingurumeneko eta Toki Administrazioko Departamentua"
2018,7000,"Landa Garapeneko, Ingurumeneko eta Toki Administrazioko Departamentua"
2018,70000,"Landa Garapeneko, Ingurumeneko eta Toki Administrazioko Departamentua"
2018,701,Idazkaritza Tekniko Orokorra
2018,7010,Idazkaritza Tekniko Orokorra
2018,70100,Idazkaritza Tekniko Orokorra
2018,7011,Langileriarako eta Herritarren Arretarako Atala
2018,70110,Langileriarako eta Herritarren Arretarako Atala
2018,70111,Langileria Bulegoa
2018,70112,Herritarren Arretarako Bulegoa
2018,7012,Araubide Juridikoaren Atala
2018,70120,Araubide Juridikoaren Atala
2018,7015, Aurrekontuen Kudeaketarako Atala
2018,70150, Aurrekontuen Kudeaketarako Atala
2018,70151,Aurrekontuen Kontrolerako Bulegoa
2018,70153,Gai Ekonomikoen Bulegoa
2018,7017,Informazioa Kudeatzeko Atala
2018,70170,Informazioa Kudeatzeko Atala
2018,70171,Informazioaren Teknologiaren Bulegoa
2018,70172,NBEUFren eta LGENFren Laguntzen Kudeaketa Informatikorako Bulegoa
2018,70173,Laguntza Mikroinformatikoaren Bulegoa
2018,70174,Informazioaren Segurtasunari laguntzeko Bulegoa
2018,7018,Laguntza Teknikoaren Atala
2018,70180,Laguntza Teknikoaren Atala
2018,70181,Zerbitzu Orokorren Bulegoa
2018,70182,Nekazaritzako Estatistikaren Bulegoa
2018,71,"Dirección General de Desarrollo Rural, Agricultura y Ganadería"
2018,710,"Dirección General de Desarrollo Rural, Agricultura y Ganadería"
2018,7100,"Dirección General de Desarrollo Rural, Agricultura y Ganadería"
2018,71000,"Dirección General de Desarrollo Rural, Agricultura y Ganadería"
2018,712,Nekazaritza Zerbitzua
2018,7120,Nekazaritza Zerbitzua
2018,71200,Nekazaritza Zerbitzua
2018,71201,"Nekazaritzako Ikerketaren, Garapenaren eta Berrikuntzaren Koordinazio Bulegoa"
2018,7121,Landareen Ekoizpen eta Osasun Atala
2018,71210,Landareen Ekoizpen eta Osasun Atala
2018,71211,Nekazaritzako Ekoizpen Baliabideen eta Jasangarritasunaren Bulegoa
2018,71212,Landare Osasuneko eta Ugalketarako Materialeko Bulegoa
2018,71213,Mahastizaintzako Bulegoa
2018,7122,Merkatuen Erregulazio Atala
2018,71220,Merkatuen Erregulazio Atala
2018,71226,Merkatuen Erregulazioaren eta Berariazko Laguntzen Bulegoa
2018,7123,Etekinetarako Laguntzen Atala
2018,71230,Etekinetarako Laguntzen Atala
2018,71233,Azaleraren araberako Zuzeneko Laguntzen Bulegoa
2018,71234,Nekazaritzako Ingurumen arloko eta Landa Ingurunea Hobetzeko Laguntzen Bulegoa
2018,71235,Abeltzaintzarako Laguntzen Bulegoa
2018,713,Abeltzaintza Zerbitzua
2018,7130,Abeltzaintza Zerbitzua
2018,71300,Abeltzaintza Zerbitzua
2018,7131,Abere Ekoizpenaren Atala
2018,71310,Abere Ekoizpenaren Atala
2018,71312,Abeltzaintzaren Garapenerako Bulegoa
2018,7132,Abere Osasuneko Atala
2018,71320,Abere Osasuneko Atala
2018,71322,Epizootiologia Bulegoa
2018,7133,Elikagaien Segurtasunaren eta Abeltzaintzako Langelen Atala
2018,71330,Elikagaien Segurtasunaren eta Abeltzaintzako Langelen Atala
2018,71331,Elikagaien Segurtasuneko Bulegoa
2018,7134,Nekazaritzako Elikagaien Laborategiaren Atala
2018,71340,Nekazaritzako Elikagaien Laborategiaren Atala
2018,71341,Landare Biologiaren Bulegoa
2018,71342,Laborategi Enologikoaren Bulegoa
2018,714,Servicio del Organismo Pagador
2018,7140,Servicio del Organismo Pagador
2018,71400,Servicio del Organismo Pagador
2018,71401,NBEUFren eta LGENFren Funtsen Ordainketak Burutzeko Bulegoa
2018,7141,Barne Auditoretzako Atala
2018,71410,Barne Auditoretzako Atala
2018,7144,Koordinazio Atala
2018,71440,Koordinazio Atala
2018,7145,Ikuskapenen Atala
2018,71450,Ikuskapenen Atala
2018,71451,Kudeaketa eta Kontrol Sistema Integratuko Ikuskapen Bulegoa
2018,71452,Baldintzen eta Kudeaketa eta Kontrol Sistema Integratutik kanpoko Ikuskapenen Bulegoa
2018,715,Nekazaritzako Azpiegituren Zerbitzua
2018,7150,Nekazaritzako Azpiegituren Zerbitzua
2018,71500,Nekazaritzako Azpiegituren Zerbitzua
2018,71502,Ingurumenaren Kontroleko Bulegoa
2018,7151,Ureztalurren eta Lurzati Berrantolamenduaren Atala
2018,71510,Ureztalurren eta Lurzati Berrantolamenduaren Atala
2018,71511,Lurzati Berrantolamenduaren Bulegoa
2018,71512,Obra Bulegoa
2018,7152,Herrilurren Atala
2018,71520,Herrilurren Atala
2018,71521,Abeltzaintzarako Azpiegiturei Laguntzeko Bulegoa
2018,716,Nekazaritzako Ustiategien eta Elikagaien Sustapenerako Zerbitzua
2018,7160,Nekazaritzako Ustiategien eta Elikagaien Sustapenerako Zerbitzua
2018,71600,Nekazaritzako Ustiategien eta Elikagaien Sustapenerako Zerbitzua
2018,7161,Nekazaritzako Erregistroen Atalari atxikita
2018,71610,Nekazaritzako Erregistroen Atalari atxikita
2018,71611,Nekazaritzako Informazio Sistemen Bulegoa
2018,7162,Nekazaritzako Elikagaien Kalitatearen eta Sustapenaren Atala
2018,71620,Nekazaritzako Elikagaien Kalitatearen eta Sustapenaren Atala
2018,7163,Nekazaritzako Ustiategiak eta Nekazarien Elkarteak Sustatzeko Atala
2018,71630,Nekazaritzako Ustiategiak eta Nekazarien Elkarteak Sustatzeko Atala
2018,71631,Nekazaritzako Ustiategietan Inbertitzeko Laguntzen Bulegoa
2018,7164,Ardogintza Sustatzeko Atala
2018,71640,Ardogintza Sustatzeko Atala
2018,717,Landa Aniztasunerako eta Garapenerako Zerbitzua
2018,7170,Landa Aniztasunerako eta Garapenerako Zerbitzua
2018,71700,Landa Aniztasunerako eta Garapenerako Zerbitzua
2018,7171,Plan eta Programen Atala
2018,71710,Plan eta Programen Atala
2018,71711,Europar Batasuneko Programen Jarraipen Bulegoa
2018,7172,Landa Aniztasunerako Atala
2018,71720,Landa Aniztasunerako Atala
2018,74,Dirección General de Medio Ambiente y Ordenación del Territorio
2018,740,Dirección General de Medio Ambiente y Ordenación del Territorio
2018,7400,Dirección General de Medio Ambiente y Ordenación del Territorio
2018,74000,Dirección General de Medio Ambiente y Ordenación del Territorio
2018,7401,Sección de Participación y Sostenibilidad
2018,74010,Sección de Participación y Sostenibilidad
2018,741,Servicio de Calidad Ambiental y Cambio Climático
2018,7410,Servicio de Calidad Ambiental y Cambio Climático
2018,74100,Servicio de Calidad Ambiental y Cambio Climático
2018,74101,Ingurumenaren Integrazioari Laguntzeko Bulegoa
2018,7411,Kutsaduraren aurkako Aurreneurrien Atala
2018,74110,Kutsaduraren aurkako Aurreneurrien Atala
2018,74111,Ingurumenaren Kontrolari Laguntzeko Bulegoa
2018,74113,Baimenen Bulegoa
2018,7412,Sección de Inspección y Planificación
2018,74120,Sección de Inspección y Planificación
2018,74121,Kontrol Bulegoa
2018,7413,Ingurumenaren gaineko Eragina Aztertzeko Atala
2018,74130,Ingurumenaren gaineko Eragina Aztertzeko Atala
2018,74131,Ingurumenaren Ebaluazioari Laguntzeko Bulegoa
2018,74133,Ingurumenaren gaineko Eraginaren Bulegoa
2018,7415,Hondakinen Atala
2018,74150,Hondakinen Atala
2018,74151,Industria Hondakinen eta Lurzoru Kutsatuen Bulegoa
2018,742,Servicio de Biodiversidad
2018,7420,Servicio de Biodiversidad
2018,74200,Servicio de Biodiversidad
2018,74202,Biodibertsitatearen arloko Lankidetza eta Kudeaketa Bulegoa
2018,7421,Habitaten Atala
2018,74210,Habitaten Atala
2018,74211,Kontserbaziorako Guneen Bulegoa
2018,7425,Ehiza eta Arrantza Atala
2018,74250,Ehiza eta Arrantza Atala
2018,74251,Arrantza Kudeatu eta Animaliak Babesteko Bulegoa
2018,74252,Ehiza Kudeatzeko Bulegoa
2018,74253,Ehiza eta Arrantzaren Laguntzako Bulegoa
2018,743,Uraren Zerbitzua
2018,7430,Uraren Zerbitzua
2018,74300,Ur Zerbitzua
2018,7431,Ur Baliabideen Atala
2018,74310,Ur Baliabideen Atala
2018,74312,Negociado de Suelos y Climatología
2018,7432,Sección de Restauración de Ríos
2018,74320,Sección de Restauración de Ríos
2018,74321,Ibaietako Obren Bulegoa
2018,7434,Ingurumenari buruzko Informazio eta Hezkuntzaren Atala
2018,74340,Ingurumenari buruzko Informazio eta Hezkuntzaren Atala
2018,744,Mendi Zerbitzua
2018,7440,Mendi Zerbitzua
2018,74400,Mendi Zerbitzua
2018,7441,Oihanak Kudeatzeko Atala
2018,74410,Oihanak Kudeatzeko Atala
2018,74411,Pirinioetako Eskualdeko Bulegoa
2018,74412,Kantaurialdeko Bulegoa
2018,74413,Negociado de Zona Media y Ribera
2018,74415,Oihan Plangintzarako Bulegoa
2018,7442,Ingurumena Zaintzeko Atala
2018,74420,Ingurumena Zaintzeko Atala
2018,74421,Baliabideen Kudeaketarako eta Laguntzarako Bulegoa
2018,7443,Sección de Planificación Forestal
2018,74430,Sección de Planificación Forestal
2018,745,Lurralde  Antolamenduko eta Hirigintzako Zerbitzua
2018,7450,Lurralde  Antolamenduko eta Hirigintzako Zerbitzua
2018,74500,Lurralde  Antolamenduko eta Hirigintzako Zerbitzua
2018,74501,Administrazio Bulegoa
2018,7451,Lurraldearen Antolamenduaren Atala
2018,74510,Lurraldearen Antolamenduaren Atala
2018,74511, Lurzoru Urbanizaezinaren Bulegoa
2018,7452,Sección de Planeamiento Urbanístico Municipal
2018,74520,Sección de Planeamiento Urbanístico Municipal
2018,7453,"Kudeaketa, Koordinazio eta Lankidetza Atala"
2018,74530,"Kudeaketa, Koordinazio eta Lankidetza Atala"
2018,7454,Sección de Gestión de Sistemas de la Información Geográfica
2018,74540,Sección de Gestión de Sistemas de la Información Geográfica
2018,746,Servicio Jurídico de Medio Ambiente y Ordenación del Territorio
2018,7460,Servicio Jurídico de Medio Ambiente y Ordenación del Territorio
2018,74600,Servicio Jurídico de Medio Ambiente y Ordenación del Territorio
2018,7461,Sección de Régimen Jurídico de Medio Ambiente
2018,74610,Sección de Régimen Jurídico de Medio Ambiente
2018,7462,Lurralde Antolamenduaren eta Hirigintzaren Araubide Juridikoaren Atalaren eginkizunak
2018,74620,Lurralde Antolamenduaren eta Hirigintzaren Araubide Juridikoaren Atalaren eginkizunak
2018,78,Toki Administrazioko Zuzendaritza Nagusia
2018,780,Toki Administrazioko Zuzendaritza Nagusia
2018,7800,Toki Administrazioko Zuzendaritza Nagusia
2018,78000,Toki Administrazioko Zuzendaritza Nagusia
2018,78001,Negociado de Euskera
2018,781,Servicio de Ordenación Local y Apoyo a las Entidades Locales
2018,7810,Servicio de Ordenación Local y Apoyo a las Entidades Locales
2018,78100,Servicio de Ordenación Local y Apoyo a las Entidades Locales
2018,7811,Sección de Gestión y Asesoramiento Local
2018,78110,Sección de Gestión y Asesoramiento Local
2018,78111,Negociado de Asesoramiento Jurídico de Recursos Humanos
2018,7813,Kudeaketa Administratiboaren Atala
2018,78130,Kudeaketa Administratiboaren Atala
2018,7814,Sección de Ordenación de la Administración Local
2018,78140,Sección de Ordenación de la Administración Local
2018,78141,Negoaciado de Estudios y Prospectiva Local
2018,78142,Negociado de Gestión Jurídica
2018,782,Kudeaketa eta Lankidetza Ekonomikorako Zerbitzua
2018,7820,Kudeaketa eta Lankidetza Ekonomikorako Zerbitzua
2018,78200,Kudeaketa eta Lankidetza Ekonomikorako Zerbitzua
2018,7821,Sección de Planificación y Estudios Económicos
2018,78210,Sección de Planificación y Estudios Económicos
2018,7822,Sección de Asesoramiento Presupuestario y Contable
2018,78220,Sección de Asesoramiento Presupuestario y Contable
2018,7824,Sección  de Gestión Económico-Financiera
2018,78240,Sección de Gestión Económico-Financiera
2018,783,Tokiko Azpiegituren Zerbitzua
2018,7830,Tokiko Azpiegituren Zerbitzua
2018,78300,Tokiko Azpiegituren Zerbitzua
2018,7831,"Sección de Planificación, Estudio y Asesoramiento de obras e infraestructuras locales"
2018,78310,"Sección de Planificación, Estudio y Asesoramiento de obras e infraestructuras locales"
2018,78311,Negociado de Planificación y Estudios Técnicos
2018,78312,Negociado de Infraestructuras Locales
2018,7832,Sección de Gestión y Cooperación Técnico-Administrativa
2018,78320,Sección de Gestión y Cooperación Técnico-Administrativa
2018,8,Departamento de Desarrollo Económico
2018,80,Departamento de Desarrollo Económico
2018,800,Departamento de Desarrollo Económico
2018,8000,Departamento de Desarrollo Económico
2018,80000,Departamento de Desarrollo Económico
2018,801,Idazkaritza Tekniko Orokorra
2018,8010,Idazkaritza Tekniko Orokorra
2018,80100,Idazkaritza Tekniko Orokorra
2018,8011,Araubide Juridikoaren Atala
2018,80110,Araubide Juridikoaren Atala
2018,8012,Barne Araubidearen eta Administrazio Laguntzaren Atala
2018,80120,Barne Araubidearen eta Administrazio Laguntzaren Atala
2018,802,Ekonomiaren eta Aurrekontuen Kudeaketako eta Gastuaren Kontroleko Zerbitzua
2018,8020,Ekonomiaren eta Aurrekontuen Kudeaketako eta Gastuaren Kontroleko Zerbitzua
2018,80200,Ekonomiaren eta Aurrekontuen Kudeaketako eta Gastuaren Kontroleko Zerbitzua
2018,8021,Ekonomia eta Aurrekontu Kudeaketarako Atala
2018,80210,Ekonomia eta Aurrekontu Kudeaketarako Atala
2018,80211,Kudeaketa Ekonomikorako Bulegoa
2018,80212,Kontabilitatearen Kudeaketarako Bulegoa
2018,8022,Kontzesio Obren Kudeaketa Ekonomikorako eta Gastuaren Kontrolerako Atalar
2018,80220,Kontzesio Obren Kudeaketa Ekonomikorako eta Gastuaren Kontrolerako Atalar
2018,81,Dirección General de Política Económica y Empresarial y Trabajo
2018,810,Dirección General de Política Económica y Empresarial y Trabajo
2018,8100,Dirección General de Política Económica y Empresarial y Trabajo
2018,81000,Dirección General de Política Económica y Empresarial y Trabajo
2018,811,Politika Ekonomikoaren Zerbitzua
2018,8110,Politika Ekonomikoaren Zerbitzua
2018,81100,Politika Ekonomikoaren Zerbitzua
2018,8111,Sección de Proyectos Estratégicos y Convenios
2018,81110,Sección de Proyectos Estratégicos y Convenios
2018,812,Enpresa Sustapeneko Zerbitzua
2018,8120,Enpresa Sustapeneko Zerbitzua
2018,81200,Enpresa Sustapeneko Zerbitzua
2018,81201,Espedienteen Kudeaketako Bulegoa
2018,8121,Inbertsioa Sustatzeko Atala
2018,81210,Inbertsioa Sustatzeko Atala
2018,81211,Enpresa Txiki eta Ertainentzako Laguntzak Kudeatzeko Bulegoa
2018,81212,Nekazaritza eta Elikagaigintza Industrien Bulegoa
2018,8122, Informazioaren Gizartea eta Enpresa Sektoreak Sustatzeko Atala
2018,81220, Informazioaren Gizartea eta Enpresa Sektoreak Sustatzeko Atala
2018,813,"Berrindustrializazioaren, Lehiakortasunaren eta Proiektu Estrategikoen Zerbitzua"
2018,8130,"Berrindustrializazioaren, Lehiakortasunaren eta Proiektu Estrategikoen Zerbitzua"
2018,81300,"Berrindustrializazioaren, Lehiakortasunaren eta Proiektu Estrategikoen Zerbitzua"
2018,8131,Enpresen Lehiakortasunaren Atala
2018,81310,Enpresen Lehiakortasunaren Atala
2018,8132,Proiektu Estrategikoen eta Enpresa Politiken Atala
2018,81320,Proiektu Estrategikoen eta Enpresa Politiken Atala
2018,814,Nazioarteko Proiekzioaren Zerbitzua
2018,8140,Nazioarteko Proiekzioaren Zerbitzua
2018,81400,Nazioarteko Proiekzioaren Zerbitzua
2018,8141,Europako Programen Atala
2018,81410,Europako Programen Atala
2018,81411,Funts Kontrolen Bulegoa
2018,8142,Europako Deialdien Atala
2018,81420,Europako Deialdien Atala
2018,8143,Nazioarteko Ekintzaren Atala
2018,81430,Nazioarteko Ekintzaren Atala
2018,8144,Europako Funtsen Kontroleko Atala
2018,81440,Europako Funtsen Kontroleko Atala
2018,815,Lan Zerbitzua
2018,8150,Lan Zerbitzua
2018,81500,Lan Zerbitzua
2018,8151,Lan Harremanen eta Arriskuen Prebentzioaren Atala
2018,81510,Lan Harremanen eta Arriskuen Prebentzioaren Atala
2018,81511,Baimen eta Zehapenen Bulegoa
2018,81512,Kudeaketa Administratiboaren Bulegoa
2018,8152,"Ekonomia Sozialaren, Lan Autonomoaren eta Lan Erregistro Publikoen Atala"
2018,81520,"Ekonomia Sozialaren, Lan Autonomoaren eta Lan Erregistro Publikoen Atala"
2018,81521,Izapide Administratiboen Bulegoa
2018,81522,"Aldi baterako Laneko Enpresen, Elkarteen, Hauteskundeen eta Hitzarmenen Erregistrorako Bulegoa"
2018,8153,Koordinazioaren eta Laguntza Teknikoaren Atala
2018,81530,Koordinazioaren eta Laguntza Teknikoaren Atala
2018,82,"Industriaren, Energiaren eta Berrikuntzaren Zuzendaritza Nagusia"
2018,820,"Industriaren, Energiaren eta Berrikuntzaren Zuzendaritza Nagusia"
2018,8200,"Industriaren, Energiaren eta Berrikuntzaren Zuzendaritza Nagusia"
2018,82000,"Industriaren, Energiaren eta Berrikuntzaren Zuzendaritza Nagusia"
2018,821,Berrikuntzarako eta Jakintzaren Transferentziarako Zerbitzua
2018,8210,Berrikuntzarako eta Jakintzaren Transferentziarako Zerbitzua
2018,82100,Berrikuntzarako eta Jakintzaren Transferentziarako Zerbitzua
2018,82101,Kudeaketa Administratiboaren Bulegoa
2018,8211,Berrikuntza Sustatzeko Atala
2018,82110,Berrikuntza Sustatzeko Atala
2018,82111,Proiektuak Kudeatzeko Bulegoa
2018,8212,Teknologiaren eta Ezagutzaren Transferentziaren Atala
2018,82120,Teknologiaren eta Ezagutzaren Transferentziaren Atala
2018,822,"Energiaren, Meategien eta Segurtasun Industrialeko Zerbitzua"
2018,8220,"Energiaren, Meategien eta Segurtasun Industrialeko Zerbitzua"
2018,82200,"Energiaren, Meategien eta Segurtasun Industrialeko Zerbitzua"
2018,8221,Enpresen Erregistroaren Atala
2018,82210,Enpresen Erregistroaren Atala
2018,82211,Enpresen Bulegoa
2018,82212,Nekazaritzako Elikagai Industrien eta Eraldakuntzako Nekazaritza Sozietateen Erregistro Bulegoa
2018,8222,Industria Segurtasunaren Atala
2018,82220,Industria Segurtasunaren Atala
2018,82221,Ikuskaritza Bulegoa
2018,8223,Energiaren eta Meategien Atala
2018,82230,Energiaren eta Meategien Atala
2018,82231,Energia Aplikazioen Bulegoa
2018,82232,Azpiegituren Bulegoa
2018,823,Laguntza Juridiko eta Administratiboko Zerbitzua
2018,8230,Laguntza Juridiko eta Administratiboko Zerbitzua
2018,82300,Laguntza Juridiko eta Administratiboko Zerbitzua
2018,82301,Aurrekontuen Kontrolerako Bulegoa
2018,82303,Laguntza Teknikorako Bulegoa
2018,8231,Laguntza Juridikoaren Atala
2018,82310,Laguntza Juridikoaren Atala
2018,8232,Modernizazioa Bultzatzeko Atala
2018,82320,Modernizazioa Bultzatzeko Atala
2018,82321,Kudeaketa Administratiboaren Bulegoa
2018,83,Turismo eta Merkataritza Zuzendaritza Nagusia
2018,830,Turismo eta Merkataritza Zuzendaritza Nagusia
2018,8300,Turismo eta Merkataritza Zuzendaritza Nagusia
2018,83000,Turismo eta Merkataritza Zuzendaritza Nagusia
2018,831,Turismoa eta Merkataritza Antolatu eta Sustatzeko Zerbitzua
2018,8310,Turismoa eta Merkataritza Antolatu eta Sustatzeko Zerbitzua
2018,83100,Turismoa eta Merkataritza Antolatu eta Sustatzeko Zerbitzua
2018,8311,Turismoa eta Merkataritza Antolatzeko Atala
2018,83110,Turismoa eta Merkataritza Antolatzeko Atala
2018,83111,Ikuskaritza Bulegoa
2018,8312,Turismoa Sustatzeko Atala
2018,83120,Turismoa Sustatzeko Atala
2018,83121,Ekimen eta Laguntza Bulegoa
2018,8313,Merkataritza Sustatzeko Atala
2018,83130,Merkataritza Sustatzeko Atala
2018,832,Produktu Turistikoen Marketin eta Garapeneko Zerbitzua
2018,8320,Produktu Turistikoen Marketin eta Garapeneko Zerbitzua
2018,83200,Produktu Turistikoen Marketin eta Garapeneko Zerbitzua
2018,8321,Turismoko Marketinaren Atala
2018,83210,Turismoko Marketinaren Atala
2018,83211,Turismoa Sustatzeko Euskarrien Bulegoa
2018,8322,Turismo Produktuen Garapenerako Atala
2018,83220,Turismo Produktuen Garapenerako Atala
2018,833,Kontsumo eta Arbitraje Zerbitzua
2018,8330,Kontsumo eta Arbitraje Zerbitzua
2018,83300,Kontsumo eta Arbitraje Zerbitzua
2018,8331,Merkatua Kontrolatzeko eta Lehia Sustatu eta Babesteko Atala
2018,83310,Merkatua Kontrolatzeko eta Lehia Sustatu eta Babesteko Atala
2018,83311,"Ikuskapen, Sustapen eta Lehiaren Defentsako Bulegoa"
2018,8332,Kontsumitzaileen Babeserako eta Kontsumoko Arbitrajerako Atala
2018,83320,Kontsumitzaileen Babeserako eta Kontsumoko Arbitrajerako Atala
2018,84,Herri Lanen Zuzendaritza Nagusia
2018,840,Herri Lanen Zuzendaritza Nagusia
2018,8400,Herri Lanen Zuzendaritza Nagusia
2018,84000,Herri Lanen Zuzendaritza Nagusia
2018,841,Eraikuntza Zerbitzua
2018,8410,Eraikuntza Zerbitzua
2018,84100,Eraikuntza Zerbitzua
2018,84101,Administrazio Aferetarako Bulegoa
2018,8411,Obren I. Atala
2018,84110,Obren I. Atala
2018,84111,Obrak Kudeatzeko I. Bulegoa
2018,84112,Obrak Burutzeko I. Bulegoa
2018,8412,Obren II. Atala
2018,84120,Obren II. Atala
2018,84121,Obrak Kudeatzeko II. Bulegoa
2018,84122,Obrak Burutzeko II. Bulegoa
2018,8413,Obren III. Atala
2018,84130,Obren III. Atala
2018,84131,Obrak Kudeatzeko III. Bulegoa
2018,84132,Obrak Burutzeko III. Bulegoa
2018,842,Kontserbazio Zerbitzua
2018,8420,Kontserbazio Zerbitzua
2018,84200,Kontserbazio Zerbitzua
2018,84201,Izapide Administratiboen Bulegoa
2018,8421,Zainketa Atala
2018,84210,Zainketa Atala
2018,84211,Nafarroako Erdialdeko eta Iparraldeko Zainketa Bulegoa
2018,84212,Nafarroako Mendebaldeko Zainketa Bulegoa
2018,84213,Nafarroako Hegoaldeko Zainketa Bulegoa
2018,84214,Nafarroako Hego Mendebaldeko Zainketa Bulegoa
2018,8422,Ustiapen Atala
2018,84220,Ustiapen Atala
2018,84221,Kudeaketa Administratibo eta Juridikoaren Bulegoa
2018,84222,Kudeaketa Teknikoaren Bulegoa
2018,8423,Bide Segurtasunaren eta Kontrol Zentroaren Atala
2018,84230,Bide Segurtasunaren eta Kontrol Zentroaren Atala
2018,84231,Bide Segurtasunaren Bulegoa
2018,84232,Kontzesio Obrak Burutzeko Bulegoa
2018,84233,Neurketa eta Agirien Bulegoa
2018,843,Azterlan eta Proiektuen Zerbitzua
2018,8430,Azterlan eta Proiektuen Zerbitzua
2018,84300,Azterlan eta Proiektuen Zerbitzua
2018,8431,Proiektu Atala
2018,84310,Proiektu Atala
2018,84311,Normalizazioaren eta Proiektuen Bulegoa
2018,84312,Proiektuak Zuzendu eta Burutzeko I. Bulegoa
2018,84313,Proiektuak Zuzendu eta Burutzeko II. Bulegoa
2018,8432,Eraikuntzako Segurtasunerako eta Kalitate Kontrolerako Atala
2018,84320,Eraikuntzako Segurtasunerako eta Kalitate Kontrolerako Atala
2018,84321,Eraikuntzako Segurtasunerako Bulegoa
2018,84322,Kalitatearen Kontrolerako Bulegoa
2018,84323,Entseguen eta Laborategiaren Bulegoa
2018,8433,Desjabetzapen Atala
2018,84330,Desjabetzapen Atala
2018,84331,Afekzioen eta Balorazioen Bulegoa
2018,84332,Espedienteak eta Ordainketak Kudeatzeko Bulegoa
2018,8434,Kartografia Atala
2018,84340,Kartografia Atala
2018,8435,Ingurumena Zaintzeko Atala
2018,84350,Ingurumena Zaintzeko Atala
2018,84351,Ingurumen arloko Proiektuen Bulegoa
2018,84352,Obren Ingurumen Kudeaketa eta Zainketa Bulegoa
2018,8436,Espedienteen Administraziorako eta Kontrolerako Atala
2018,84360,Espedienteen Administraziorako eta Kontrolerako Atala
2018,84361,Kontrol Administratiboaren Bulegoa
2018,844,Garraio Zerbitzua
2018,8440,Garraio Zerbitzua
2018,84400,Garraio Zerbitzua
2018,84401,Administrazio Laguntzako Bulegoa
2018,8441,Plangintza eta Modernizazio Atala
2018,84410,Plangintza eta Modernizazio Atala
2018,84411,Garraioaren Analisi eta Azterlan Ekonomikoen Bulegoa
2018,8442,Garraioen Ustiapenerako Atala
2018,84420,Garraioen Ustiapenerako Atala
2018,84421,Negociado de Autorizaciones de Transportes de Mercancías
2018,84422,Negociado de Gestión del Transporte de Viajeros y Operadores Terrestres
2018,84423,Deialdien Bulegoa
2018,8443,Garraioen Ikuskapenaren eta Arbitraje Batzordearen Atala
2018,84430,Garraioen Ikuskapenaren eta Arbitraje Batzordearen Atala
2018,84431,Garraio Ikuskapenaren Bulegoa
2018,84432,Negociado de Sanciones de Transportes
2018,8444,Garraioaren Araubide Juridikoaren Atala
2018,84440,Garraioaren Araubide Juridikoaren Atala
2018,84441,Garraioen Kontrol Juridikoaren Bulegoa
2018,8445,Informazio Sistemen Atala
2018,84450,Informazio Sistemen Atala
2018,9,Departamento de Derechos Sociales
2018,90,Departamento de Derechos Sociales
2018,900,Departamento de Derechos Sociales
2018,9000,Departamento de Derechos Sociales
2018,90000,Departamento de Derechos Sociales
2018,902,Idazkaritza Tekniko Orokorra
2018,9020,Idazkaritza Tekniko Orokorra
2018,90200,Idazkaritza Tekniko Orokorra
2018,90201,Langileriaren Kudeaketarako Bulego
2018,90202,Administrazio Aferetarako Bulegoa
2018,90203,Erregistro eta Agiritegi Bulegoa
2018,9021,Ekonomia eta Aurrekontuak Kudeatzeko Atala
2018,90210,Ekonomia eta Aurrekontuak Kudeatzeko Atala
2018,90211,Aurrekontuen Kudeaketa eta Kontabilitateko Bulegoa
2018,9022,"Sección de Régimen Jurídico de Inclusión, Protección Social y Familia"
2018,90220,"Sección de Régimen Jurídico de Inclusión, Protección Social y Familia"
2018,9023,Sistemen Kudeaketarako Atala
2018,90230,Sistemen Kudeaketarako Atala
2018,9024,Sección de Régimen Jurídico de Atención a la Dependencia
2018,90240,Sección de Régimen Jurídico de Atención a la Dependencia
2018,9026,Etxebizitzaren Araubide Juridikoaren Atala
2018,90260,Etxebizitzaren Araubide Juridikoaren Atala
2018,90261,Negociado de Control Jurídico y Mediación de Vivienda
2018,91,Dirección General de Inclusión y Protección Social
2018,910,Dirección General de Inclusión y Protección Social
2018,9100,Dirección General de Inclusión y Protección Social
2018,91000,Dirección General de Inclusión y Protección Social
2018,911,Servicio de Garantía de Ingresos y Cooperación al Desarrollo
2018,9110,Servicio de Garantía de Ingresos y Cooperación al Desarrollo
2018,91100,Servicio de Garantía de Ingresos y Cooperación al Desarrollo
2018,9111,Sección de Garantía de Ingresos y Prestaciones Económicas
2018,91110,Sección de Garantía de Ingresos y Prestaciones Económicas
2018,91111,Pentsioen Bulegoa
2018,9112,Sección de Cooperación para el Desarrollo y Acción Humanitaria
2018,91120,Sección de Cooperación para el Desarrollo y Acción Humanitaria
2018,912,Etxebizitza Zerbitzua
2018,9120,Etxebizitza Zerbitzua
2018,91200,Etxebizitza Zerbitzua
2018,9121,Eraikuntza Atala
2018,91210,Eraikuntza Atala
2018,91211,Negociado de Tramitación de Expedientes en materia de Edificación
2018,9122,Sección de Ayudas y Planificación
2018,91220,Sección de Ayudas y Planificación
2018,91221,Etxebizitzak Finantzatzeko Bulegoa
2018,916,Servicio de Atención Primaria e Inclusión Social
2018,9160,Servicio de Atención Primaria e Inclusión Social
2018,91600,Servicio de Atención Primaria e Inclusión Social
2018,9161,Sección de Inclusión Social y Atención a las Minorías
2018,91610,Sección de Inclusión Social y Atención a las Minorías
2018,9162,Sección de Atención Primaria y Comunitaria
2018,91620,Sección de Atención Primaria y Comunitaria
2018,91621,Negociado de Coordinación con Entidades Locales y Servicios Sociales de Base
2018,92,"Dirección General de Observatorio de la Realidad Social, de Planificación y de Evaluación de las Políticas Sociales"
2018,920,"Dirección General de Observatorio de la Realidad Social, de Planificación y de Evaluación de las Políticas Sociales"
2018,9200,"Dirección General de Observatorio de la Realidad Social, de Planificación y de Evaluación de las Políticas Sociales"
2018,92000,"Dirección General de Observatorio de la Realidad Social, de Planificación y de Evaluación de las Políticas Sociales"
2018,921,Servicio del Observatorio de la Realidad Social
2018,9210,Servicio del Observatorio de la Realidad Social
2018,92100,Servicio del Observatorio de la Realidad Social
2018,92101,Negociado de Producción y Difusión de Documento de Planificación
2018,9211,Sección de Planificación y Evaluación
2018,92110,Sección de Planificación y Evaluación
2018,92111,Plan Orokorrak Koordinatzeko Bulegoa
2018,92112,Negociado de Seguimiento del Empleo
2018,9212,Informazio eta Modernizazio Atala
2018,92120,Informazio eta Modernizazio Atala
2018,922,Servicio de Calidad e Inspección
2018,9220,Servicio de Calidad e Inspección
2018,92200,Servicio de Calidad e Inspección
2018,9221,Kalitatearen eta Fundazioen Babesletzaren Atala
2018,92210,Kalitatearen eta Fundazioen Babesletzaren Atala
2018,9222,Ikuskapen Atala
2018,92220,Ikuskapen Atala
2018,93,Agencia Navarra de Autonomía y Desarrollo de las personas
2018,930,Agencia Navarra de Autonomía y Desarrollo de las personas
2018,9300,Agencia Navarra de Autonomía y Desarrollo de las personas
2018,93000,Agencia Navarra de Autonomía y Desarrollo de las personas
2018,931,Subdirección de Gestión y Recursos
2018,9310,Subdirección de Gestión y Recursos
2018,93100,Subdirección de Gestión y Recursos
2018,9311,Sección de Concertación
2018,93110,Sección de Concertación
2018,9312,"Inbertsio, Obra eta Hornidura Atala"
2018,93120,"Inbertsio, Obra eta Hornidura Atala"
2018,93121,Negociado de Suministros
2018,9313,Sección de Programas y Gestión de Subvenciones
2018,93130,Sección de Programas y Gestión de Subvenciones
2018,93131,Negociado de Coordinación con Entidades
2018,93132,Negociado de Gestión Administrativa para Programas
2018,9314,Langileriaren Atala
2018,93140,Langileriaren Atala
2018,932,Subdirección de Valoración y Servicios
2018,9320,Subdirección de Valoración y Servicios
2018,93200,Subdirección de Valoración y Servicios
2018,93201,Negociado de Gestión y Control de Deuda
2018,93202,Unidad de Coordinación de Enfermería
2018,93203,Unidad de Mantenimiento
2018,93204,Unidad de Cocina
2018,93205,Unidad de Coordinación de Cuidadores
2018,93206,Unidad de Gestión Administrativa
2018,9321,Balorazio Atala
2018,93210,Balorazio Atala
2018,9322,Sección de Servicios para personas mayores
2018,93220,Sección de Servicios para personas mayores
2018,9323,Sección de Servicios para personas con discapacidad
2018,93230,Sección de Servicios para personas con discapacidad
2018,93231,Negociado de Centros de Personas con Discapacidad
2018,9324,Prestazioen Koordinazio Administratiboaren Atala
2018,93240,Prestazioen Koordinazio Administratiboaren Atala
2018,93241,Negociado de Programas Individuales de Atención
2018,933,Subdirección de Familia y Menores
2018,9330,Subdirección de Familia y Menores
2018,93300,Subdirección de Familia y Menores
2018,9331,Familien Atala
2018,93310,Familien Atala
2018,93311,Familia Bulegoa
2018,93312,Administrazio Aferetarako Bulegoa
2018,9332,Adingabearen Babes eta Sustapenerako Atala
2018,93320,Adingabearen Babes eta Sustapenerako Atala
2018,93321,Arazo Sozialak dituzten Adingabeei Laguntza Emateko Bulegoa
2018,93322,Gizartearekin Gatazkan eta Zentzatzeko bidean dauden Adingabeei Laguntza Emateko Bulegoa
2018,9333,Adopzioaren eta Familia-harreraren Atala
2018,93330,Adopzioaren eta Familia-harreraren Atala
2018,93331,Familia Harreraren Bulegoa
2018,93332,Adopzio Bulegoa
2018,96,Nafar Lasarea
2018,960,Nafar Lasarea
2018,9600,Nafar Lasarea
2018,96000,Nafar Lasarea
2018,961,"Servicio de Orientación, Fomento del Empleo y Servicios a Empresas"
2018,9610,"Servicio de Orientación, Fomento del Empleo y Servicios a Empresas"
2018,96100,"Servicio de Orientación, Fomento del Empleo y Servicios a Empresas"
2018,96101,Negociado de Apoyo a la Inserción Laboral de Discapacitados
2018,96102,"Área de Trabajadores de las Agencias de Empleo de Pamplona Ensanche, Pamplona Yamaguchi, Pamplona Rochapea y Tudela"
2018,96103,Area Empresas Tudela
2018,96104,"Agencias de Empleo de Tafalla, Estella/Lizarra, Altsasu/Alsasua, Lodosa, Doneztebe/Santesteban y Aoiz"
2018,96105,"Áreas de Empleo de Tafalla, Estella/Lizarra, Altsasu/Alsasua y Lodosa"
2018,9611,"Sección de Organización Territorial, Servicios y Entidades"
2018,96110,"Sección de Organización Territorial, Servicios y Entidades"
2018,96111,Negociado de Coordinación y Acreditación de Centros
2018,9612,Sección de Programas de Empleabilidad
2018,96120,Sección de Programas de Empleabilidad
2018,96121,Negociado de Programas Internacionales
2018,96122,Negociado de Activación Laboral
2018,9613,Sección de Programas de Fomento del Empleo
2018,96130,Sección de Programas de Fomento del Empleo
2018,96131,Negociado de Apoyo para la Inserción Laboral
2018,96132,"Negociado de Ayudas a Entidades Locales, Entidades sin ánimo de lucro y Entidades de economía social"
2018,9614,Sección de Servicios a Empresas
2018,96140,Sección de Servicios a Empresas
2018,96141,Negociado de Contratos y Ofertas de Empleo
2018,9615,Iruñeko 2. Zabalguneko Enplegu Bulegoa
2018,96150,Iruñeko 2. Zabalguneko Enplegu Bulegoa
2018,9616,Iruñeko Yamaguchiko Enplegu Bulegoa
2018,96160,Iruñeko Yamaguchiko Enplegu Bulegoa
2018,9617,Iruñeko Errotxapeko Enplegu Bulegoa
2018,96170,Iruñeko Errotxapeko Enplegu Bulegoa
2018,9618,Tuterako Enplegu Bulegoa
2018,96180,Tuterako Enplegu Bulegoa
2018,962,Servicio de Desarrollo de Competencias Profesionales
2018,9620,Servicio de Desarrollo de Competencias Profesionales
2018,96200,Servicio de Desarrollo de Competencias Profesionales
2018,96201,Negociado de Centro de Referencia Nacional de Energías Renovables y Eficacia Energética-Área de formación para el empleo
2018,9621,Sección de Desarrollo de Programas
2018,96210,Sección de Desarrollo de Programas
2018,96211,Negociado de Diseño de la Programación
2018,96212,Negociado de Proyectos Singulares y Acompañamiento a la Formación
2018,9622,"Sección de Gestión, Valoración e Impacto de Programas"
2018,96220,"Sección de Gestión, Valoración e Impacto de Programas"
2018,96221,Negociado de Seguimiento y Evaluación
2018,96222,Negociado de Despliegue de Medidas
2018,9623,Sección de Acreditación de las Competencias Profesionaes y Centro Iturrondo
2018,96230,Sección de Acreditación de las Competencias Profesionaes y Centro Iturrondo
2018,96231,Negociado de Centro Iturrondo
2018,96232,Negociado de Acreditación de las Competencias
2018,9624,Sección de Mejora y Coordinación de procesos
2018,96240,Sección de Mejora y Coordinación de procesos
2018,96241,Negociado de Comunicación Externa
2018,963,Servicio de Asistencia y Gestión Administrativa
2018,9630,Servicio de Asistencia y Gestión Administrativa
2018,96300,Servicio de Asistencia y Gestión Administrativa
2018,9631,Kudeaketa Ekonomikoaren Atala
2018,96310,Kudeaketa Ekonomikoaren Atala
2018,96311,Kontabilitate Bulegoa
2018,9632,Araubide Juridikoaren eta Langileriaren Atala
2018,96320,Araubide Juridikoaren eta Langileriaren Atala
2018,96321,Erregistroaren eta Langileen Bulegoa
2018,9633,Sección de Seguimiento de Programas
2018,96330,Sección de Seguimiento de Programas
2018,96331,Kontrol Administratiboaren Bulegoa
2018,A,"Departamento de Cultura, Deporte y Juventud"
2018,A0,"Departamento de Cultura, Deporte y Juventud"
2018,A00,"Departamento de Cultura, Deporte y Juventud"
2018,A000,"Departamento de Cultura, Deporte y Juventud"
2018,A0000,"Departamento de Cultura, Deporte y Juventud"
2018,A01,Idazkaritza Tekniko Orokorra
2018,A010,Idazkaritza Tekniko Orokorra
2018,A0100,Idazkaritza Tekniko Orokorra
2018,A011,Araubide Juridikoaren Atala
2018,A0110,Araubide Juridikoaren Atala
2018,A012,Kudeaketa Administratiboaren Atala
2018,A0120,Kudeaketa Administratiboaren Atala
2018,A0121,Administrazio Aferetarako Bulegoa
2018,A013,Aurrekontuen eta Kudeaketa Ekonomikoaren Atala
2018,A0130,Aurrekontuen eta Kudeaketa Ekonomikoaren Atala
2018,A0131,Kudeaketa Ekonomikorako Bulegoa
2018,A2,Vianako Printzea Erakundea-Kultura Zuzendaritza Nagusia
2018,A20,Vianako Printzea Erakundea-Kultura Zuzendaritza Nagusia
2018,A200,Vianako Printzea Erakundea-Kultura Zuzendaritza Nagusia
2018,A2000,Vianako Printzea Erakundea-Kultura Zuzendaritza Nagusia
2018,A201,Sección de Recursos y Desarrollo Estratégico
2018,A2010,Sección de Recursos y Desarrollo Estratégico
2018,A2011,Argitalpen Bulegoa
2018,A21,Historia Ondarearen Zerbitzua
2018,A210,Historia Ondarearen Zerbitzua
2018,A2100,Historia Ondarearen Zerbitzua
2018,A211,Ondare Arkitektonikoaren Atala
2018,A2110,Ondare Arkitektonikoaren Atala
2018,A2111,Ondare Arkitektonikoa Zaintzeko Bulegoa
2018,A212,Arkeologia Atala
2018,A2120,Arkeologia Atala
2018,A213,Ondasun Higigarrien eta Ondarearen Erregistroaren Atala
2018,A2130,Ondasun Higigarrien eta Ondarearen Erregistroaren Atala
2018,A22,Artxiboen eta Ondare Dokumentalaren Zerbitzua
2018,A220,Artxiboen eta Ondare Dokumentalaren Zerbitzua
2018,A2200,Artxiboen eta Ondare Dokumentalaren Zerbitzua
2018,A221,Nafarroako Errege Artxibo Nagusiaren Atala
2018,A2210,Nafarroako Errege Artxibo Nagusiaren Atala
2018,A222,Dokumentu Ondarea Kudeatzeko Atala
2018,A2220,Dokumentu Ondarea Kudeatzeko Atala
2018,A2221,Negociado de Administración del Sistema de Gestión de Documentos y Archivos
2018,A23,Museo Zerbitzua
2018,A230,Museo Zerbitzua
2018,A2300,Museo Zerbitzua
2018,A231,Museoen Atala
2018,A2310,Museoen Atala
2018,A232,Nafarroako Museoaren Atala
2018,A2320,Nafarroako Museoaren Atala
2018,A2321,Negociado de Coordinación y Servicios
2018,A24,Liburutegien Zerbitzua
2018,A240,Liburutegien Zerbitzua
2018,A2400,Liburutegien Zerbitzua
2018,A241,Nafarroako Liburutegiaren Atala
2018,A2410,Nafarroako Liburutegiaren Atala
2018,A2412,"Negociado de Patrimonio Bibliográfico, Filmográfico y Depósito Legal"
2018,A2413,Negociado de Servicios al Público
2018,A242,Liburutegi Sarearen Atala
2018,A2420,Liburutegi Sarearen Atala
2018,A2423,Negociado de Recursos de Información
2018,A2424,Negociado de Tecnologías de la Información y la Comunicación
2018,A2425,"Negociado de Formación, Fomento y Difusión"
2018,A25,Kultur Ekintzako Zerbitzua
2018,A250,Kultur Ekintzako Zerbitzua
2018,A2500,Kultur Ekintzako Zerbitzua
2018,A251,Sección de Creación y Difusión Artística
2018,A2510,Sección de Creación y Difusión Artística
2018,A2512,Negociado de Cultura Popular
2018,A253,Sección de Cooperación e Innovación Cultural
2018,A2530,Sección de Cooperación e Innovación Cultural
2018,A5,Dirección-Gerencia del Instituto Navarro de Deporte y Juventud
2018,A50,Dirección-Gerencia del Instituto Navarro de Deporte y Juventud
2018,A500,Dirección-Gerencia del Instituto Navarro de Deporte y Juventud
2018,A5000,Dirección-Gerencia del Instituto Navarro de Deporte y Juventud
2018,A51,Subdirección de Deporte
2018,A510,Subdirección de Deporte
2018,A5100,Subdirección de Deporte
2018,A511,Kirola Sustatzeko Atala
2018,A5110,Kirola Sustatzeko Atala
2018,A5111,Kirola Sustatzeko Bulegoa
2018,A5113,Kirol Jokoen Bulegoa
2018,A512,Entitateen eta Kirol-errendimenduaren Atala
2018,A5120,Entitateen eta Kirol-errendimenduaren Atala
2018,A5121,Kirol Federazioen Bulegoa
2018,A5123,Kirol Teknifikazioaren Bulegoa
2018,A5124,Kluben eta Kirol-errendimenduaren Bulegoa
2018,A513,"Kirolaren Azterlan, Ikerketa eta Medikuntzako Zentroa"
2018,A5130,"Kirolaren Azterlan, Ikerketa eta Medikuntzako Zentroa"
2018,A5131,Laguntzako Unitate Teknikoa
2018,A5132,Ikerkuntzako Unitate Teknikoa
2018,A5133,Prestakuntzako Unitate Teknikoa
2018,A514,«Larrabide Estadioa» Kirol Teknifikazioaren Zentroa
2018,A5140,«Larrabide Estadioa» Kirol Teknifikazioaren Zentroa
2018,A52,Subdirección de Juventud
2018,A520,Subdirección de Juventud
2018,A5200,Subdirección de Juventud
2018,A521,Plangintzaren eta Gazteriaren Behatokiaren Atala
2018,A5210,Plangintzaren eta Gazteriaren Behatokiaren Atala
2018,A5211,Argibide eta Prestakuntza Bulegoa
2018,A522,Gazteentzako Programen eta Entitateekiko Harremanen Atala
2018,A5220,Gazteentzako Programen eta Entitateekiko Harremanen Atala
2018,A5221,Gazte Mugikortasunerako Bulegoa
2018,A5222,Gazteen Sormenaren eta Beste Zerbitzu Batzuen Bulegoa
2018,A5223,Toki Entitateen eta Gazte Elkarteen Bulegoa
2018,A54,"Subdirección de Desarrollo Estratégico, Infraestructuras y Gestión de Recursos"
2018,A540,"Subdirección de Desarrollo Estratégico, Infraestructuras y Gestión de Recursos"
2018,A5400,"Subdirección de Desarrollo Estratégico, Infraestructuras y Gestión de Recursos"
2018,A541,Azpiegiturak Kudeatzeko Atala
2018,A5410,Azpiegiturak Kudeatzeko Atala
2018,A5411,Gazteriaren Etxeen Bulegoa
2018,A542,Administrazio eta Kudeaketa Atala
2018,A5420,Administrazio eta Kudeaketa Atala
2018,A5421,Gai Ekonomiko-Administratiboak eta Prozedurak Kudeatzeko Bulegoa
2018,A5422,"Barne Kudeaketaren, Logistikaren eta Langileriaren Bulegoa"
2018,B,Herritarrekiko eta Erakundeekiko Harremanetako Zuzendaritza
2018,B0,Herritarrekiko eta Erakundeekiko Harremanetako Zuzendaritza
2018,B00,Herritarrekiko eta Erakundeekiko Harremanetako Zuzendaritza
2018,B000,Herritarrekiko eta Erakundeekiko Harremanetako Zuzendaritza
2018,B0000,Gobernuko Lehendakaria
2018,B0001,Herritarrekiko eta Erakundeekiko Harremanetako Zuzendaritza
2018,B01,Idazkaritza Tekniko Orokorra
2018,B010,Idazkaritza Tekniko Orokorra
2018,B0100,Idazkaritza Tekniko Orokorra
2018,B011,Araubide Juridikoaren Atala
2018,B0110,Araubide Juridikoaren Atala
2018,B012,Kudeaketa Administratibo eta Ekonomikorako eta Lankidetzarako Atala
2018,B0120,Kudeaketa Administratibo eta Ekonomikorako eta Lankidetzarako Atala
2018,B0121,Negociado de Asuntos Administrativos y de Personal
2018,B0122,Gai Ekonomikoen Bulegoa
2018,B013,Foru Erakundeekiko Prozeduren Kudeaketarako Atala
2018,B0130,Foru Erakundeekiko Prozeduren Kudeaketarako Atala
2018,B014,Europar Erakundeekiko Prozeduretarako Laguntza Teknikoaren Atala
2018,B0140,Europar Erakundeekiko Prozeduretarako Laguntza Teknikoaren Atala
2018,B1,Komunikaziorako eta erakunde harremanetarako zuzendaritza orokorra
2018,B10,Komunikaziorako eta erakunde harremanetarako zuzendaritza orokorra
2018,B100,Komunikaziorako eta erakunde harremanetarako zuzendaritza orokorra
2018,B1000,Komunikaziorako eta erakunde harremanetarako zuzendaritza orokorra
2018,B1001,Idazkaritza Bulegoa
2018,B11,Komunikazio Zerbitzua
2018,B110,Komunikazio Zerbitzua
2018,B1100,Komunikazio Zerbitzua
2018,B1102,Negociado de Publicidad Institucional
2018,B111,Sección de Gabinete de Prensa - Oficina de la Portavocía
2018,B1110,Sección de Gabinete de Prensa - Oficina de la Portavocía
2018,B112,Navarra.es Atariaren Atala
2018,B1120,Navarra.es Atariaren Atala
2018,B12,Proiekzio Instituzionalaren Zerbitzua
2018,B120,Proiekzio Instituzionalaren Zerbitzua
2018,B1200,Proiekzio Instituzionalaren Zerbitzua
2018,B1201,Negociado de Centros Navarros y Casas Regionales
2018,B121,Protokolo Atala
2018,B1210,Protokolo Atala
2018,B122,Argitalpen Atala
2018,B1220,Argitalpen Atala
2018,B1221,Argitalpenen Ekoizpen eta Diseinu Grafikorako Bulego
2018,B1222,Argitalpenen Sustapen eta Hedapen Bulegoa
2018,B1224,Negociado de Coordinación Editorial
2018,B13,Herritarrentzako Arreta eta Parte-hartze Zerbitzua
2018,B130,Herritarrentzako Arreta eta Parte-hartze Zerbitzua
2018,B1300,Herritarrentzako Arreta eta Parte-hartze Zerbitzua
2018,B131,Herritarren Arretarako Atala
2018,B1310,Herritarren Arretarako Atala
2018,B132,Herritarren Partaidetzarako Atala
2018,B1320,Herritarren Partaidetzarako Atala
2018,B2,"Bakearen, Bizikidetzaren eta Giza Eskubideen Zuzendaritza Nagusia"
2018,B20,"Bakearen, Bizikidetzaren eta Giza Eskubideen Zuzendaritza Nagusia"
2018,B200,"Bakearen, Bizikidetzaren eta Giza Eskubideen Zuzendaritza Nagusia"
2018,B2000,"Bakearen, Bizikidetzaren eta Giza Eskubideen Zuzendaritza Nagusia"
2018,B21,Memoriaren eta Bizikidetzaren Zerbitzua
2018,B210,Memoriaren eta Bizikidetzaren Zerbitzua
2018,B2100,Memoriaren eta Bizikidetzaren Zerbitzua
2018,B211,Biktimen Arretarako Bulegoa
2018,B2110,Biktimen Arretarako Bulegoa
2018,B212,Memoria Historikoaren Atala
2018,B2120,Memoria Historikoaren Atala
2018,B213,Bizikidetza Atala
2018,B2130,Bizikidetza Atala
2018,B3,Euskarabidea - Euskararen Nafar Institutua
2018,B30,Euskarabidea - Euskararen Nafar Institutua
2018,B300,Euskarabidea - Euskararen Nafar Institutua
2018,B3000,Euskarabidea - Euskararen Nafar Institutua
2018,B3001,Programen Bulegoa
2018,B31,Hizkuntza Baliabideen Zerbitzua
2018,B310,Hizkuntza Baliabideen Zerbitzua
2018,B3100,Hizkuntza Baliabideen Zerbitzua
2018,B311,Euskararen Egiaztapenen eta Prestakuntzaren Atala
2018,B3110,Euskararen Egiaztapenen eta Prestakuntzaren Atala
2018,B3111,Negociado de Acreditación y Evaluación
2018,B312,Itzulpenen Atala
2018,B3120,Itzulpenen Atala
2018,B32,Euskara Planifikatzeko eta Sustatzeko Zerbitzua
2018,B320,Euskara Planifikatzeko eta Sustatzeko Zerbitzua
2018,B3200,Euskara Planifikatzeko eta Sustatzeko Zerbitzua
2018,B321,Azterlan eta Plangintza Atala
2018,B3210,Azterlan eta Plangintza Atala
2018,B322,Euskara Sustatzeko Atala
2018,B3220,Euskara Sustatzeko Atala
2018,B4,Instituto Navarro para la Igualdad / Nafarroako Berdintasunerako Institutua
2018,B40,Instituto Navarro para la Igualdad / Nafarroako Berdintasunerako Institutua
2018,B400,Instituto Navarro para la Igualdad / Nafarroako Berdintasunerako Institutua
2018,B4000,Instituto Navarro para la Igualdad / Nafarroako Berdintasunerako Institutua
2018,B41,Plangintza eta Programen Zuzendariordetza
2018,B410,Plangintza eta Programen Zuzendariordetza
2018,B4100,Plangintza eta Programen Zuzendariordetza
2018,B411,Programen eta Genero Zeharkakotasunaren Atala
2018,B4110,Programen eta Genero Zeharkakotasunaren Atala
2018,B412,Sección de Violencia contra las Mujeres
2018,B4120,Sección de Violencia contra las Mujeres
2018,B42,Sustapen eta Kudeaketaren Zuzendariordetza
2018,B420,Sustapen eta Kudeaketaren Zuzendariordetza
2018,B4200,Sustapen eta Kudeaketaren Zuzendariordetza
2018,B421,"Informazioaren, Sentsibilizazioaren eta Partaidetza Sozialaren Atala"
2018,B4210,"Informazioaren, Sentsibilizazioaren eta Partaidetza Sozialaren Atala"
2018,B422,Kudeaketaren eta Baliabideen Atala
2018,B4220,Kudeaketaren eta Baliabideen Atala
2018,B5,Nafarroako Gobernuaren Bruselako Ordezkaritza
2018,B50,Nafarroako Gobernuaren Bruselako Ordezkaritza
2018,B500,Nafarroako Gobernuaren Bruselako Ordezkaritza
2018,B5000,Nafarroako Gobernuaren Bruselako Ordezkaritza
2018,C,Nafarroako Kontseilua
2018,C0,Nafarroako Kontseilua
2018,C00,Nafarroako Kontseilua
2018,C000,Nafarroako Kontseilua
2018,C0000,Nafarroako Kontseilua
2018,CFNA,Comunidad Foral de Navarra
2018,ONV,Kudeaketa-zentro ez baliagarriak
2018,P,Parlamento de Navarra
2018,P0,Ganbara Legegilea
2018,P00,Ganbara Legegilea
2018,P000,Ganbara Legegilea
2018,P0000,Ganbara Legegilea
2018,P1,Nafarroako Kontuen Ganbera
2018,P10,Nafarroako Kontuen Ganbera
2018,P100,Nafarroako Kontuen Ganbera
2018,P1000,Nafarroako Kontuen Ganbera
2018,P2,Arartekoa
2018,P20,Arartekoa
2018,P200,Arartekoa
2018,P2000,Arartekoa
2018,78400,Toki Administrazioko Zuzendaritza Nagusia
2018,17630,"Sección de los Impuestos sobre Sucesiones y Donaciones, Transmisiones Patrimoniales y Actos Jurídicos Documentados"
2018,41010,Sección de Universidades
2018,74700,Servicio de Innovación y Conocimiento en Sostenibilidad Territorial y Ambiental
